,tag,stmt,31_03_2010,30_06_2010,30_09_2010,31_12_2010,31_03_2011,30_06_2011,30_09_2011,31_12_2011,31_03_2012,30_06_2012,30_09_2012,31_12_2012,31_03_2013,30_06_2013,30_09_2013,31_12_2013,31_03_2014,30_06_2014,30_09_2014,31_12_2014,31_03_2015,30_06_2015,30_09_2015,31_12_2015,31_03_2016,30_06_2016,30_09_2016,31_12_2016,31_03_2017,30_06_2017,30_09_2017,31_12_2017,31_03_2018,30_06_2018,30_09_2018,31_12_2018,31_03_2019,30_06_2019,30_09_2019,31_12_2019,31_03_2020,30_06_2020,30_09_2020,31_12_2020,31_03_2021,30_06_2021,30_09_2021,31_12_2021,31_03_2022,30_06_2022,30_09_2022,31_12_2022,31_03_2023,30_06_2023,30_09_2023,31_12_2023
0,EntityCommonStockSharesOutstanding,CP,4698053742.0,5091804265.0,5042556546.0,,4926085717.0,4862114833.0,4793207715.0,,4676165291.0,4615939496.0,4559342639.0,,4446375887.0,4401631689.0,4368513787.0,,4294374730.0,4264692028.0,4234528643.0,,4181108290.0,4169448719.0,4162938512.0,,4146611352.0,4146650051.0,4146693326.0,,4237265503.0,4237105828.0,4237106077.0,,4233834437.0,4233810348.0,4233807170.0,,4231093914.0,4231106294.0,4231106066.0,,4228211252.0,4228233288.0,4228234114.0,,4233538917.0,4233562917.0,4233566839.0,,4212543236.0,4167636295.0,4118293421.0,,4042984946.0,4003192787.0,3962917886.0,
1,MarketableSecuritiesCurrent,BS,85000000.0,15000000.0,15000000.0,2000000.0,,1754000000.0,,,,,,,,,,,,,,,,,,,,,,,,,,,,,,,,,,,,,,,,,,,,,,,,,,
2,Assets,BS,242748000000.0,2905000000.0,2916000000.0,1226686000000.0,1288129000000.0,1314466000000.0,1329835000000.0,1291288000000.0,1332255000000.0,1355184000000.0,335191000000.0,333795000000.0,339639000000.0,341615000000.0,347564000000.0,346808000000.0,353033000000.0,358586000000.0,352764000000.0,349493000000.0,342961000000.0,348260000000.0,340662000000.0,336758000000.0,342789000000.0,342473000000.0,339386000000.0,330314000000.0,344209000000.0,343012000000.0,349427000000.0,348691000000.0,348826000000.0,348790000000.0,354628000000.0,346196000000.0,356189000000.0,360729000000.0,359361000000.0,362597000000.0,355804000000.0,361495000000.0,358043000000.0,332750000000.0,333770000000.0,337289000000.0,336688000000.0,338923000000.0,354771000000.0,367774000000.0,370152000000.0,369067000000.0,369371000000.0,363248000000.0,372259000000.0,376317000000.0
3,TreasuryStockValue,BS,168473000000.0,148820000000.0,151832000000.0,156608000000.0,161381000000.0,166735000000.0,172025000000.0,176932000000.0,182165000000.0,187172000000.0,192188000000.0,197333000000.0,202563000000.0,206586000000.0,209598000000.0,212781000000.0,216638000000.0,219635000000.0,222636000000.0,225820000000.0,227598000000.0,228601000000.0,229102000000.0,229734000000.0,230454000000.0,230451000000.0,230449000000.0,230424000000.0,225292000000.0,225305000000.0,225305000000.0,225246000000.0,225671000000.0,225673000000.0,225674000000.0,225553000000.0,225970000000.0,225970000000.0,225970000000.0,225835000000.0,226137000000.0,226136000000.0,226136000000.0,225776000000.0,225773000000.0,225771000000.0,225771000000.0,225464000000.0,227529000000.0,231587000000.0,236080000000.0,,,,,
4,NetIncomeLossAttributableToNoncontrollingInterest,IS,275000000.0,186000000.0,211000000.0,938000000.0,263000000.0,218000000.0,341000000.0,1146000000.0,349000000.0,1744000000.0,356000000.0,2801000000.0,261000000.0,115000000.0,199000000.0,868000000.0,270000000.0,337000000.0,276000000.0,1095000000.0,135000000.0,72000000.0,144000000.0,401000000.0,-29000000.0,-19000000.0,239000000.0,535000000.0,80000000.0,-86000000.0,115000000.0,138000000.0,133000000.0,36000000.0,206000000.0,581000000.0,56000000.0,261000000.0,77000000.0,434000000.0,-160000000.0,-89000000.0,-29000000.0,-811000000.0,66000000.0,91000000.0,192000000.0,558000000.0,270000000.0,724000000.0,538000000.0,1837000000.0,413000000.0,273000000.0,276000000.0,1344000000.0
5,CommonStockDividendsPerShareCashPaid,IS,0.42,0.44,0.44,,0.44,0.47,0.47,,0.47,0.57,0.57,,0.57,0.63,0.63,,0.63,0.69,0.69,,0.69,0.73,0.73,,0.73,0.75,0.75,,0.75,0.77,0.77,,0.77,0.82,,,,,,,,,,,,,,,,,,,,,,
6,CashAndCashEquivalentsAtCarryingValue,CF,13742000000.0,603000000.0,386000000.0,7516000000.0,12466000000.0,7643000000.0,10022000000.0,11310000000.0,17789000000.0,14551000000.0,13055000000.0,9582000000.0,6214000000.0,4609000000.0,5310000000.0,4644000000.0,5601000000.0,6083000000.0,4962000000.0,4616000000.0,5184000000.0,4343000000.0,4296000000.0,3705000000.0,4846000000.0,4358000000.0,5093000000.0,3657000000.0,4897000000.0,4042000000.0,4266000000.0,3177000000.0,4125000000.0,3430000000.0,5669000000.0,3042000000.0,4586000000.0,4213000000.0,,,,,,,,,,,,,,,,,,
7,ProductionAndManufacturingExpenses,IS,8435000000.0,1832000000.0,1972000000.0,33400000000.0,8989000000.0,9745000000.0,9601000000.0,38234000000.0,9319000000.0,9425000000.0,9128000000.0,38521000000.0,9736000000.0,10278000000.0,9842000000.0,40525000000.0,10088000000.0,10478000000.0,9951000000.0,40859000000.0,8730000000.0,9235000000.0,8614000000.0,35587000000.0,7561000000.0,8076000000.0,7709000000.0,31927000000.0,7845000000.0,8407000000.0,8334000000.0,34128000000.0,8491000000.0,8918000000.0,9097000000.0,36682000000.0,8970000000.0,9522000000.0,8848000000.0,36826000000.0,8297000000.0,6895000000.0,7103000000.0,30431000000.0,8062000000.0,8471000000.0,8719000000.0,36035000000.0,10241000000.0,10686000000.0,11317000000.0,42609000000.0,9436000000.0,8860000000.0,8696000000.0,36885000000.0
8,ExplorationExpense,IS,686000000.0,53000000.0,35000000.0,1893000000.0,270000000.0,545000000.0,671000000.0,1862000000.0,405000000.0,302000000.0,494000000.0,1840000000.0,445000000.0,454000000.0,486000000.0,1976000000.0,317000000.0,496000000.0,319000000.0,1669000000.0,311000000.0,370000000.0,324000000.0,1523000000.0,355000000.0,445000000.0,327000000.0,1467000000.0,289000000.0,514000000.0,284000000.0,1790000000.0,287000000.0,332000000.0,292000000.0,1466000000.0,280000000.0,333000000.0,299000000.0,1269000000.0,288000000.0,214000000.0,188000000.0,1285000000.0,164000000.0,176000000.0,190000000.0,1054000000.0,173000000.0,286000000.0,218000000.0,1025000000.0,141000000.0,133000000.0,338000000.0,751000000.0
9,SalesAndOtherOperatingRevenueIncludingSalesBasedTaxes,IS,87037000000.0,3854000000.0,3835000000.0,354743000000.0,105004000000.0,116583000000.0,115875000000.0,449087000000.0,114710000000.0,108504000000.0,111554000000.0,453123000000.0,103828000000.0,102853000000.0,108390000000.0,420836000000.0,101760000000.0,106158000000.0,103566000000.0,394105000000.0,64758000000.0,71360000000.0,65679000000.0,259488000000.0,47105000000.0,56360000000.0,56767000000.0,218608000000.0,61090000000.0,60825000000.0,64415000000.0,237162000000.0,,,,279332000000.0,,,,,,,,,,,,,,,,,,,,
10,CommonStockSharesAuthorized,BS,9000000000.0,9000000000.0,9000000000.0,9000000000.0,9000000000.0,9000000000.0,9000000000.0,9000000000.0,9000000000.0,9000000000.0,9000000000.0,9000000000.0,9000000000.0,9000000000.0,9000000000.0,9000000000.0,9000000000.0,9000000000.0,9000000000.0,9000000000.0,9000000000.0,9000000000.0,9000000000.0,9000000000.0,9000000000.0,9000000000.0,9000000000.0,9000000000.0,9000000000.0,9000000000.0,9000000000.0,9000000000.0,9000000000.0,9000000000.0,9000000000.0,9000000000.0,9000000000.0,9000000000.0,9000000000.0,9000000000.0,9000000000.0,9000000000.0,9000000000.0,9000000000.0,9000000000.0,9000000000.0,9000000000.0,9000000000.0,9000000000.0,9000000000.0,9000000000.0,9000000000.0,9000000000.0,9000000000.0,9000000000.0,9000000000.0
11,NetIncomeLoss,IS,6300000000.0,-39000000.0,-41000000.0,28451000000.0,11144000000.0,9169000000.0,10013000000.0,39263000000.0,9382000000.0,16026000000.0,9570000000.0,44880000000.0,9500000000.0,6860000000.0,7870000000.0,32580000000.0,9100000000.0,8780000000.0,8070000000.0,32520000000.0,4940000000.0,4190000000.0,4240000000.0,16150000000.0,1810000000.0,1700000000.0,2650000000.0,7840000000.0,4010000000.0,3350000000.0,3970000000.0,19710000000.0,4650000000.0,3950000000.0,6240000000.0,20840000000.0,2350000000.0,3130000000.0,3170000000.0,14340000000.0,-610000000.0,-1080000000.0,-680000000.0,-22440000000.0,2730000000.0,4690000000.0,6750000000.0,23040000000.0,5480000000.0,17850000000.0,19660000000.0,55740000000.0,11430000000.0,7880000000.0,9070000000.0,36010000000.0
12,IncomeLossFromEquityMethodInvestments,IS,2537000000.0,7375000000.0,-3000000.0,10589000000.0,3795000000.0,3697000000.0,3894000000.0,15196000000.0,4171000000.0,3620000000.0,3386000000.0,15010000000.0,4418000000.0,3098000000.0,3444000000.0,13927000000.0,4108000000.0,3312000000.0,3211000000.0,13323000000.0,2261000000.0,2081000000.0,1783000000.0,7644000000.0,1251000000.0,1124000000.0,1103000000.0,4806000000.0,1710000000.0,1525000000.0,1472000000.0,5380000000.0,1910000000.0,1729000000.0,1960000000.0,7355000000.0,1709000000.0,1359000000.0,1196000000.0,5441000000.0,775000000.0,103000000.0,517000000.0,1732000000.0,1473000000.0,1436000000.0,1670000000.0,6657000000.0,2538000000.0,3688000000.0,4632000000.0,,,,,
13,ProceedsFromRepaymentsOfShortTermDebt,CF,-121000000.0,-40000000.0,936000000.0,,9000000.0,309000000.0,499000000.0,,-110000000.0,154000000.0,-3506000000.0,,1587000000.0,7566000000.0,9483000000.0,,-6668000000.0,,,,,,,1759000000.0,-7594000000.0,-5966000000.0,-4062000000.0,-7459000000.0,1308000000.0,-321000000.0,339000000.0,2181000000.0,1950000000.0,2902000000.0,1626000000.0,-219000000.0,6776000000.0,,,,,,,,,,,,,,,,,,,
14,SellingGeneralAndAdministrativeExpense,IS,3514000000.0,736000000.0,693000000.0,12482000000.0,3069000000.0,3154000000.0,3209000000.0,12748000000.0,2963000000.0,2868000000.0,3468000000.0,13877000000.0,3118000000.0,3268000000.0,3150000000.0,12877000000.0,3132000000.0,3169000000.0,3169000000.0,12598000000.0,2713000000.0,2831000000.0,2967000000.0,11501000000.0,2593000000.0,2646000000.0,2736000000.0,10799000000.0,2599000000.0,2628000000.0,2725000000.0,10956000000.0,2747000000.0,2993000000.0,2892000000.0,11480000000.0,2770000000.0,2827000000.0,2753000000.0,11398000000.0,2579000000.0,2409000000.0,2444000000.0,10168000000.0,2428000000.0,2345000000.0,2287000000.0,9574000000.0,2409000000.0,2530000000.0,2324000000.0,10095000000.0,2390000000.0,2449000000.0,2489000000.0,9919000000.0
15,IncomeIncludingEquityAffilateEarningsBeforeIncomeTaxes,IS,12068000000.0,-61000000.0,-64000000.0,,,,,,,,,,,,,,,,,,,,,,,,,,,,,,,,,,,,,,,,,,,,,,,,,,,,,
16,ProceedsFromPaymentsToMinorityShareholders,CF,-1000000.0,-2000000.0,-3000000.0,-7000000.0,-9000000.0,-12000000.0,-12000000.0,-16000000.0,212000000.0,198000000.0,198000000.0,204000000.0,-1000000.0,-1000000.0,-1000000.0,-1000000.0,,,,,,,,,,,,,,-29000000.0,-90000000.0,-150000000.0,-59000000.0,-275000000.0,-374000000.0,146000000.0,-74000000.0,-119000000.0,30000000.0,158000000.0,94000000.0,317000000.0,511000000.0,623000000.0,53000000.0,-207000000.0,-278000000.0,-436000000.0,-94000000.0,-697000000.0,-1074000000.0,-1475000000.0,-16000000.0,11000000.0,-258000000.0,-770000000.0
17,InventoryFinishedGoodsAndWorkInProcess,BS,10631000000.0,10439000000.0,11154000000.0,9852000000.0,13026000000.0,15762000000.0,13398000000.0,11665000000.0,11343000000.0,11729000000.0,13010000000.0,10836000000.0,12446000000.0,13373000000.0,12829000000.0,12117000000.0,14439000000.0,13944000000.0,13441000000.0,12384000000.0,11792000000.0,12299000000.0,12249000000.0,12037000000.0,11837000000.0,11543000000.0,10981000000.0,,,,,,,,,,,,,,,,,,,,,,,,,,,,,
18,ProceedsFromIssuanceOfLongTermDebt,CF,27000000.0,33000000.0,374000000.0,1143000000.0,98000000.0,249000000.0,457000000.0,702000000.0,129000000.0,389000000.0,597000000.0,995000000.0,5000000.0,202000000.0,206000000.0,345000000.0,5500000000.0,5500000000.0,5503000000.0,5731000000.0,8000000000.0,8000000000.0,8028000000.0,8028000000.0,11963000000.0,11964000000.0,11964000000.0,12066000000.0,60000000.0,60000000.0,60000000.0,60000000.0,,,,46000000.0,,43000000.0,7019000000.0,7052000000.0,8466000000.0,23186000000.0,23186000000.0,23186000000.0,0.0,0.0,46000000.0,46000000.0,,,55000000.0,637000000.0,20000000.0,136000000.0,805000000.0,939000000.0
19,CashAndCashEquivalentsPeriodIncreaseDecrease,CF,3049000000.0,154000000.0,-63000000.0,-2728000000.0,4950000000.0,127000000.0,2506000000.0,3794000000.0,6479000000.0,3241000000.0,391000000.0,-3082000000.0,-3368000000.0,-4973000000.0,-4272000000.0,-4938000000.0,957000000.0,1439000000.0,318000000.0,-28000000.0,568000000.0,-273000000.0,-320000000.0,-911000000.0,1141000000.0,653000000.0,1388000000.0,-48000000.0,1240000000.0,385000000.0,609000000.0,-480000000.0,948000000.0,253000000.0,2492000000.0,-135000000.0,1544000000.0,,,,,,,,,,,,,,,,,,,
20,PropertyPlantAndEquipmentNet,BS,140819000000.0,18327000000.0,18346000000.0,180718000000.0,184743000000.0,190566000000.0,189796000000.0,194977000000.0,194759000000.0,194463000000.0,220330000000.0,226949000000.0,233728000000.0,235240000000.0,240981000000.0,243650000000.0,245897000000.0,251353000000.0,251406000000.0,252668000000.0,249497000000.0,253653000000.0,250583000000.0,251605000000.0,255257000000.0,254062000000.0,251923000000.0,244224000000.0,253147000000.0,252987000000.0,255556000000.0,252630000000.0,250352000000.0,248209000000.0,249153000000.0,247101000000.0,248563000000.0,250853000000.0,250512000000.0,253018000000.0,248409000000.0,250524000000.0,250496000000.0,227553000000.0,224641000000.0,223012000000.0,218795000000.0,216552000000.0,212773000000.0,209159000000.0,203102000000.0,204692000000.0,206023000000.0,206736000000.0,205862000000.0,214940000000.0
21,IncreaseDecreaseInOtherOperatingCapitalNet,CF,10000000.0,754000000.0,736000000.0,-318000000.0,705000000.0,786000000.0,1550000000.0,-1148000000.0,146000000.0,-2011000000.0,-2363000000.0,-1679000000.0,2600000000.0,656000000.0,-286000000.0,-350000000.0,911000000.0,1662000000.0,1511000000.0,823000000.0,868000000.0,-235000000.0,13000000.0,166000000.0,1335000000.0,1992000000.0,3470000000.0,214000000.0,1229000000.0,1177000000.0,2288000000.0,771000000.0,1085000000.0,547000000.0,1500000000.0,61000000.0,896000000.0,,,-1540000000.0,,,,-2207000000.0,,,,-530000000.0,,,,-9000000.0,,,,-2410000000.0
22,InterestPaid,CF,130000000.0,294000000.0,460000000.0,,103000000.0,262000000.0,390000000.0,,99000000.0,290000000.0,387000000.0,,105000000.0,219000000.0,318000000.0,,87000000.0,174000000.0,295000000.0,,170000000.0,263000000.0,459000000.0,,223000000.0,334000000.0,709000000.0,,368000000.0,587000000.0,965000000.0,,360000000.0,477000000.0,839000000.0,,422000000.0,632000000.0,1055000000.0,,468000000.0,625000000.0,1242000000.0,,556000000.0,779000000.0,1296000000.0,,506000000.0,740000000.0,1265000000.0,,547000000.0,856000000.0,1440000000.0,
23,LongTermDebtAndCapitalLeaseObligations,BS,7054000000.0,17486000000.0,15248000000.0,9543000000.0,12316000000.0,9303000000.0,9037000000.0,9029000000.0,8877000000.0,8523000000.0,8928000000.0,7928000000.0,7475000000.0,7496000000.0,7404000000.0,6891000000.0,12144000000.0,11817000000.0,11591000000.0,11653000000.0,19494000000.0,19431000000.0,19839000000.0,19925000000.0,29568000000.0,29499000000.0,28916000000.0,28932000000.0,25124000000.0,24750000000.0,24869000000.0,24406000000.0,20781000000.0,20720000000.0,20624000000.0,20538000000.0,19031000000.0,19001000000.0,25950000000.0,26342000000.0,31857000000.0,46563000000.0,46888000000.0,47182000000.0,45137000000.0,45319000000.0,43639000000.0,43428000000.0,42651000000.0,39516000000.0,39246000000.0,40559000000.0,39150000000.0,37567000000.0,36510000000.0,37483000000.0
24,OtherIncome,IS,677000000.0,235000000.0,106000000.0,1629000000.0,896000000.0,346000000.0,915000000.0,3639000000.0,530000000.0,10839000000.0,766000000.0,14162000000.0,561000000.0,518000000.0,538000000.0,3492000000.0,905000000.0,2177000000.0,713000000.0,4511000000.0,599000000.0,672000000.0,,1750000000.0,,,,2680000000.0,,,,1821000000.0,865000000.0,316000000.0,458000000.0,3525000000.0,270000000.0,,,,,,,,,,,,,,,,,,,
25,OtherLiabilitiesNoncurrent,BS,19035000000.0,5163000000.0,4517000000.0,14822000000.0,15157000000.0,15588000000.0,15301000000.0,16654000000.0,18113000000.0,18335000000.0,24553000000.0,23676000000.0,21257000000.0,21570000000.0,22472000000.0,21780000000.0,22015000000.0,22907000000.0,22162000000.0,21786000000.0,21002000000.0,21514000000.0,21000000000.0,21165000000.0,21846000000.0,21680000000.0,22223000000.0,20069000000.0,21409000000.0,21158000000.0,21276000000.0,19215000000.0,19554000000.0,19228000000.0,18728000000.0,18094000000.0,20737000000.0,22127000000.0,21997000000.0,21416000000.0,19631000000.0,19612000000.0,20025000000.0,21242000000.0,21155000000.0,20545000000.0,20559000000.0,21717000000.0,22872000000.0,22808000000.0,23086000000.0,21733000000.0,21387000000.0,,,
26,IncomeTaxesPaidNet,CF,3896000000.0,9487000000.0,13950000000.0,,5173000000.0,13547000000.0,20349000000.0,,5416000000.0,12327000000.0,17895000000.0,,7220000000.0,14660000000.0,19871000000.0,,4145000000.0,10366000000.0,14338000000.0,,1226000000.0,4072000000.0,5594000000.0,,749000000.0,2144000000.0,3049000000.0,,1970000000.0,3247000000.0,4611000000.0,,2117000000.0,4426000000.0,6740000000.0,,1793000000.0,3884000000.0,5259000000.0,,1372000000.0,1768000000.0,2341000000.0,,855000000.0,2079000000.0,3516000000.0,,1798000000.0,5545000000.0,10172000000.0,,4404000000.0,8841000000.0,11627000000.0,
27,StockholdersEquity,BS,112541000000.0,99000000.0,58000000.0,674357000000.0,697927000000.0,714600000000.0,723598000000.0,702523000000.0,718503000000.0,743388000000.0,166713000000.0,165863000000.0,167001000000.0,165647000000.0,169245000000.0,174003000000.0,176398000000.0,181155000000.0,180587000000.0,174399000000.0,171227000000.0,172668000000.0,170723000000.0,170811000000.0,172187000000.0,170591000000.0,170597000000.0,167325000000.0,177151000000.0,179178000000.0,182276000000.0,187688000000.0,188195000000.0,187222000000.0,190365000000.0,191794000000.0,191222000000.0,191377000000.0,189915000000.0,191650000000.0,182079000000.0,180183000000.0,177400000000.0,157150000000.0,156974000000.0,158571000000.0,160589000000.0,168577000000.0,169215000000.0,177316000000.0,186100000000.0,195049000000.0,198685000000.0,199046000000.0,199703000000.0,204802000000.0
28,PaymentsToAcquirePropertyPlantAndEquipment,CF,5756000000.0,1234000000.0,2459000000.0,23949000000.0,6451000000.0,13526000000.0,20470000000.0,28459000000.0,7202000000.0,14398000000.0,24214000000.0,34271000000.0,7494000000.0,16145000000.0,25243000000.0,33669000000.0,7328000000.0,15870000000.0,24068000000.0,32952000000.0,6844000000.0,13953000000.0,20354000000.0,26490000000.0,4601000000.0,8872000000.0,12276000000.0,16163000000.0,2890000000.0,5988000000.0,10901000000.0,15402000000.0,3349000000.0,8276000000.0,13480000000.0,19574000000.0,5199000000.0,11372000000.0,17657000000.0,24361000000.0,5945000000.0,10362000000.0,13653000000.0,17282000000.0,2400000000.0,5147000000.0,7987000000.0,12076000000.0,3911000000.0,7748000000.0,12624000000.0,18407000000.0,5412000000.0,10771000000.0,15691000000.0,21919000000.0
29,NetCashProvidedByUsedInInvestingActivities,CF,-5167000000.0,-151000000.0,-152000000.0,-7910000000.0,-12395000000.0,-26844000000.0,-37331000000.0,-14754000000.0,-12221000000.0,-25207000000.0,-16599000000.0,-25601000000.0,-10054000000.0,-18547000000.0,,,,,,,,,,,,,,,,,-9194000000.0,-15730000000.0,-1859000000.0,-6955000000.0,-10862000000.0,-16446000000.0,-5793000000.0,-12670000000.0,-18820000000.0,-23084000000.0,-6367000000.0,-11448000000.0,-15157000000.0,-18459000000.0,-2355000000.0,-5071000000.0,-8125000000.0,-10235000000.0,-3945000000.0,-7009000000.0,-9387000000.0,-14742000000.0,-4925000000.0,-9281000000.0,-13560000000.0,-19274000000.0
30,ProfitLoss,CF,6575000000.0,-39000000.0,-41000000.0,29389000000.0,11407000000.0,9387000000.0,10354000000.0,40409000000.0,9731000000.0,17770000000.0,9926000000.0,47681000000.0,9761000000.0,6975000000.0,8069000000.0,33448000000.0,9370000000.0,9117000000.0,8346000000.0,33615000000.0,5075000000.0,4262000000.0,4384000000.0,16551000000.0,1781000000.0,1681000000.0,2889000000.0,8375000000.0,4090000000.0,3264000000.0,4085000000.0,19848000000.0,4783000000.0,3986000000.0,6446000000.0,21421000000.0,2406000000.0,3391000000.0,3247000000.0,14774000000.0,-770000000.0,-1169000000.0,-709000000.0,-23251000000.0,2796000000.0,4781000000.0,6942000000.0,23598000000.0,5750000000.0,18574000000.0,20198000000.0,57577000000.0,11843000000.0,8153000000.0,9346000000.0,37354000000.0
31,RepaymentsOfLongTermDebt,CF,3000000.0,16000000.0,2587000000.0,6224000000.0,29000000.0,43000000.0,236000000.0,266000000.0,5000000.0,11000000.0,15000000.0,147000000.0,,,,13000000.0,,,,69000000.0,10000000.0,13000000.0,18000000.0,26000000.0,,,,,,,,,,,,,,,,1000000.0,2000000.0,3000000.0,4000000.0,8000000.0,0.0,0.0,4000000.0,8000000.0,,,0.0,5000000.0,,6000000.0,11000000.0,15000000.0
32,PaymentsOfDividendsMinorityInterest,CF,83000000.0,139000000.0,244000000.0,281000000.0,95000000.0,152000000.0,264000000.0,306000000.0,96000000.0,137000000.0,287000000.0,327000000.0,105000000.0,185000000.0,225000000.0,304000000.0,58000000.0,131000000.0,172000000.0,248000000.0,40000000.0,88000000.0,127000000.0,170000000.0,42000000.0,85000000.0,122000000.0,162000000.0,44000000.0,91000000.0,139000000.0,184000000.0,43000000.0,135000000.0,192000000.0,243000000.0,43000000.0,100000000.0,157000000.0,192000000.0,45000000.0,93000000.0,137000000.0,188000000.0,52000000.0,112000000.0,166000000.0,224000000.0,60000000.0,123000000.0,191000000.0,267000000.0,115000000.0,293000000.0,511000000.0,531000000.0
33,CashAndCashEquivalentsAtCarryingValue,BS,13742000000.0,603000000.0,386000000.0,7516000000.0,12466000000.0,7643000000.0,10022000000.0,11310000000.0,17789000000.0,14551000000.0,13055000000.0,9582000000.0,6214000000.0,4609000000.0,5310000000.0,4644000000.0,5601000000.0,6083000000.0,4962000000.0,4616000000.0,5184000000.0,4343000000.0,4296000000.0,3705000000.0,4846000000.0,4358000000.0,5093000000.0,3657000000.0,4897000000.0,4042000000.0,4266000000.0,3177000000.0,4125000000.0,3430000000.0,5669000000.0,3042000000.0,4586000000.0,4213000000.0,5351000000.0,3089000000.0,11412000000.0,12576000000.0,8832000000.0,4364000000.0,3515000000.0,3465000000.0,4768000000.0,6802000000.0,11074000000.0,18861000000.0,30407000000.0,29640000000.0,32651000000.0,29528000000.0,32944000000.0,31539000000.0
34,NetCashProvidedByUsedInOperatingActivities,CF,13046000000.0,1000000.0,2000000.0,18307000000.0,16992000000.0,26577000000.0,39907000000.0,47683000000.0,18279000000.0,28468000000.0,42946000000.0,56170000000.0,13592000000.0,21275000000.0,,,,,,,,,,,,,,,,,22655000000.0,30066000000.0,8519000000.0,16299000000.0,27407000000.0,36014000000.0,8338000000.0,14285000000.0,23364000000.0,29716000000.0,6274000000.0,6274000000.0,10663000000.0,14668000000.0,9264000000.0,18914000000.0,31005000000.0,48129000000.0,14788000000.0,34751000000.0,59176000000.0,76797000000.0,16341000000.0,25724000000.0,41687000000.0,55369000000.0
35,PensionAndOtherPostretirementDefinedBenefitPlansLiabilitiesNoncurrent,BS,17587000000.0,8961000000.0,9131000000.0,9707000000.0,10082000000.0,10141000000.0,9704000000.0,12650000000.0,10839000000.0,10238000000.0,21652000000.0,25267000000.0,25286000000.0,25281000000.0,25319000000.0,20646000000.0,20215000000.0,20161000000.0,19268000000.0,25802000000.0,24632000000.0,25039000000.0,24422000000.0,22647000000.0,22401000000.0,21583000000.0,21019000000.0,20680000000.0,20584000000.0,20778000000.0,20874000000.0,21132000000.0,21696000000.0,21504000000.0,21448000000.0,20272000000.0,20051000000.0,19822000000.0,19365000000.0,22304000000.0,21913000000.0,22341000000.0,22097000000.0,22415000000.0,21835000000.0,22082000000.0,21060000000.0,18430000000.0,18255000000.0,17408000000.0,16799000000.0,10045000000.0,10183000000.0,10278000000.0,10174000000.0,10496000000.0
36,ProceedsFromSaleOfTreasuryStock,CF,42000000.0,111000000.0,269000000.0,1043000000.0,384000000.0,452000000.0,616000000.0,924000000.0,82000000.0,86000000.0,184000000.0,193000000.0,2000000.0,9000000.0,46000000.0,50000000.0,2000000.0,9000000.0,10000000.0,30000000.0,,,,5000000.0,5000000.0,7000000.0,6000000.0,6000000.0,,,,,,,,,,,,,,,,,,,,,,,,,,,,
37,DepreciationDepletionAndAmortization,CF,3280000000.0,440000000.0,410000000.0,12999000000.0,3375000000.0,3456000000.0,3488000000.0,13923000000.0,3438000000.0,3489000000.0,4037000000.0,15888000000.0,4110000000.0,4405000000.0,4287000000.0,17182000000.0,4192000000.0,4285000000.0,4362000000.0,17297000000.0,4300000000.0,4451000000.0,4542000000.0,18048000000.0,4765000000.0,4821000000.0,4605000000.0,22308000000.0,4519000000.0,4652000000.0,4880000000.0,19893000000.0,4470000000.0,4589000000.0,4658000000.0,18745000000.0,4571000000.0,4631000000.0,4873000000.0,18998000000.0,5819000000.0,4916000000.0,4983000000.0,46009000000.0,5004000000.0,4952000000.0,4990000000.0,20607000000.0,8883000000.0,4451000000.0,5642000000.0,24040000000.0,4244000000.0,4242000000.0,4415000000.0,20641000000.0
38,PaymentsOfDividendsCommonStock,CF,1986000000.0,4052000000.0,6286000000.0,5697000000.0,101000000.0,572000000.0,748000000.0,30153000000.0,102000000.0,827000000.0,7500000000.0,10092000000.0,2561000000.0,5355000000.0,8125000000.0,10875000000.0,2732000000.0,5698000000.0,8644000000.0,11568000000.0,2910000000.0,5976000000.0,9036000000.0,12090000000.0,3054000000.0,6187000000.0,9320000000.0,12453000000.0,3134000000.0,6423000000.0,9712000000.0,13001000000.0,3291000000.0,6793000000.0,10296000000.0,13798000000.0,3505000000.0,7220000000.0,10936000000.0,14652000000.0,3719000000.0,7434000000.0,11150000000.0,14865000000.0,3720000000.0,7441000000.0,11161000000.0,14924000000.0,3760000000.0,7487000000.0,11172000000.0,14939000000.0,3738000000.0,7439000000.0,11102000000.0,14941000000.0
39,AccumulatedOtherComprehensiveIncomeLossForeignCurrencyTranslationAdjustmentNetOfTax,BS,3815000000.0,2051000000.0,4476000000.0,5011000000.0,6260000000.0,6950000000.0,3901000000.0,4168000000.0,,,,,,,,,,,,,,,,,,,,,,,,,,,,,,,,,,,,,,,,,,,,,,,,
40,PaymentsForRepurchaseOfCommonStock,CF,2495000000.0,4063000000.0,7335000000.0,13093000000.0,5653000000.0,11165000000.0,16633000000.0,22055000000.0,5704000000.0,10716000000.0,15814000000.0,21068000000.0,5621000000.0,9652000000.0,12696000000.0,15998000000.0,3860000000.0,6863000000.0,9865000000.0,13183000000.0,1781000000.0,2784000000.0,3285000000.0,4039000000.0,726000000.0,727000000.0,727000000.0,977000000.0,501000000.0,514000000.0,515000000.0,747000000.0,427000000.0,429000000.0,430000000.0,626000000.0,421000000.0,421000000.0,421000000.0,594000000.0,305000000.0,305000000.0,305000000.0,405000000.0,1000000.0,1000000.0,1000000.0,155000000.0,2067000000.0,5986000000.0,10480000000.0,15155000000.0,4340000000.0,8680000000.0,13092000000.0,17748000000.0
41,DeferredTaxLiabilitiesNoncurrent,BS,23662000000.0,131000000.0,122000000.0,34401000000.0,35468000000.0,36357000000.0,35720000000.0,35168000000.0,34878000000.0,35073000000.0,37642000000.0,37570000000.0,38712000000.0,38947000000.0,39506000000.0,40530000000.0,40783000000.0,41000000000.0,41132000000.0,39230000000.0,38935000000.0,39419000000.0,38210000000.0,36818000000.0,36293000000.0,36012000000.0,34857000000.0,34041000000.0,34772000000.0,34585000000.0,34430000000.0,26893000000.0,26760000000.0,26783000000.0,27084000000.0,27244000000.0,27287000000.0,26846000000.0,26513000000.0,,,,,,,,,,,,,,,,,
42,CommonStockSharesOutstanding,BS,4698053742.0,5091804265.0,5042556546.0,,4926085717.0,4862114833.0,4793207715.0,,4676165291.0,4615939496.0,4559342639.0,,,,,,,,,,,,,,,,,,,,,,,,,,,,,,,,,,,,,,,,,,,,,
43,OtherAssetsNoncurrent,BS,7692000000.0,8141000000.0,8748000000.0,8404000000.0,8578000000.0,8851000000.0,9315000000.0,9092000000.0,8434000000.0,7987000000.0,7618000000.0,7668000000.0,7676000000.0,7888000000.0,8232000000.0,7522000000.0,8103000000.0,8110000000.0,7751000000.0,8676000000.0,8335000000.0,8798000000.0,8530000000.0,8285000000.0,8366000000.0,8401000000.0,8965000000.0,9572000000.0,9663000000.0,10126000000.0,10470000000.0,9767000000.0,9809000000.0,10335000000.0,11073000000.0,10332000000.0,13982000000.0,15600000000.0,15921000000.0,16363000000.0,14165000000.0,14763000000.0,15245000000.0,16789000000.0,16753000000.0,16661000000.0,16697000000.0,18022000000.0,18414000000.0,18632000000.0,17526000000.0,16951000000.0,17080000000.0,17479000000.0,17189000000.0,17138000000.0
44,ProfitLoss,IS,6575000000.0,-39000000.0,-41000000.0,29389000000.0,11407000000.0,9387000000.0,10354000000.0,40409000000.0,9731000000.0,17770000000.0,9926000000.0,47681000000.0,9761000000.0,6975000000.0,8069000000.0,33448000000.0,9370000000.0,9117000000.0,8346000000.0,33615000000.0,5075000000.0,4262000000.0,4384000000.0,16551000000.0,1781000000.0,1681000000.0,2889000000.0,8375000000.0,4090000000.0,3264000000.0,4085000000.0,19848000000.0,4783000000.0,3986000000.0,6446000000.0,21421000000.0,2406000000.0,3391000000.0,3247000000.0,14774000000.0,-770000000.0,-1169000000.0,-709000000.0,-23251000000.0,2796000000.0,4781000000.0,6942000000.0,23598000000.0,5750000000.0,18574000000.0,20198000000.0,57577000000.0,11843000000.0,8153000000.0,9346000000.0,37354000000.0
45,ProceedsFromSalesOfAssets,CF,424000000.0,319000000.0,528000000.0,1777000000.0,1302000000.0,2675000000.0,4078000000.0,10466000000.0,2248000000.0,5768000000.0,6850000000.0,7655000000.0,360000000.0,665000000.0,,,,,,,,,,,,,,,,,,,,,,,,,,,,,,,,,,,,,,,,,,
46,MinorityInterest,BS,5125000000.0,5195000000.0,5569000000.0,5840000000.0,6051000000.0,6284000000.0,6273000000.0,6348000000.0,7105000000.0,5174000000.0,5642000000.0,5797000000.0,6076000000.0,5941000000.0,6233000000.0,6492000000.0,6493000000.0,6976000000.0,6908000000.0,6665000000.0,6219000000.0,6330000000.0,6116000000.0,5999000000.0,6311000000.0,6284000000.0,6413000000.0,6505000000.0,6620000000.0,6660000000.0,6922000000.0,6812000000.0,6716000000.0,6311000000.0,6466000000.0,6734000000.0,6799000000.0,7088000000.0,7194000000.0,7288000000.0,6664000000.0,6970000000.0,7212000000.0,6980000000.0,7127000000.0,6985000000.0,6917000000.0,7106000000.0,7311000000.0,7192000000.0,6943000000.0,7424000000.0,7729000000.0,7951000000.0,7830000000.0,7736000000.0
47,RetainedEarningsAccumulatedDeficit,BS,281251000000.0,-770000000.0,-811000000.0,132357000000.0,143400000000.0,152098000000.0,161935000000.0,141467000000.0,150747000000.0,166047000000.0,358369000000.0,365727000000.0,372666000000.0,376732000000.0,381832000000.0,387432000000.0,393800000000.0,399614000000.0,404738000000.0,408384000000.0,410414000000.0,411538000000.0,412718000000.0,412444000000.0,411200000000.0,409767000000.0,409284000000.0,407831000000.0,408707000000.0,408768000000.0,409449000000.0,414540000000.0,415970000000.0,416418000000.0,419155000000.0,421653000000.0,420498000000.0,419913000000.0,419367000000.0,421341000000.0,416919000000.0,412124000000.0,407728000000.0,383943000000.0,382953000000.0,383922000000.0,386952000000.0,392059000000.0,393779000000.0,407902000000.0,423877000000.0,432860000000.0,440552000000.0,444731000000.0,450138000000.0,453927000000.0
48,IncomeTaxExpenseBenefit,IS,5493000000.0,-22000000.0,-23000000.0,21649000000.0,8246000000.0,6805000000.0,7644000000.0,30300000000.0,7633000000.0,8256000000.0,7394000000.0,31045000000.0,6277000000.0,5793000000.0,6120000000.0,24263000000.0,5857000000.0,5034000000.0,5064000000.0,18015000000.0,1560000000.0,2692000000.0,1365000000.0,5415000000.0,-51000000.0,715000000.0,337000000.0,-406000000.0,1828000000.0,892000000.0,1498000000.0,-1174000000.0,2457000000.0,2526000000.0,2634000000.0,9532000000.0,1883000000.0,1241000000.0,1474000000.0,5282000000.0,512000000.0,-471000000.0,337000000.0,-5632000000.0,796000000.0,1526000000.0,2664000000.0,7636000000.0,2806000000.0,6359000000.0,5224000000.0,20176000000.0,4960000000.0,3503000000.0,4353000000.0,15429000000.0
49,ExciseAndSalesTaxes,IS,6815000000.0,6946000000.0,7172000000.0,28547000000.0,7916000000.0,8613000000.0,8484000000.0,33503000000.0,8493000000.0,8027000000.0,8137000000.0,32409000000.0,7492000000.0,7552000000.0,7882000000.0,30589000000.0,7416000000.0,7871000000.0,7519000000.0,29342000000.0,5530000000.0,5965000000.0,5813000000.0,22678000000.0,4815000000.0,5435000000.0,5437000000.0,21090000000.0,5342000000.0,5589000000.0,5864000000.0,,,,,,,,,,,,,,,,,,,,,,,,,
50,DepreciationDepletionAndAmortization,IS,3280000000.0,440000000.0,410000000.0,12999000000.0,3375000000.0,3456000000.0,3488000000.0,13923000000.0,3438000000.0,3489000000.0,4037000000.0,15888000000.0,4110000000.0,4405000000.0,4287000000.0,17182000000.0,4192000000.0,4285000000.0,4362000000.0,17297000000.0,4300000000.0,4451000000.0,4542000000.0,18048000000.0,4765000000.0,4821000000.0,4605000000.0,22308000000.0,4519000000.0,4652000000.0,4880000000.0,19893000000.0,4470000000.0,4589000000.0,4658000000.0,18745000000.0,4571000000.0,4631000000.0,4873000000.0,18998000000.0,5819000000.0,4916000000.0,4983000000.0,46009000000.0,5004000000.0,4952000000.0,4990000000.0,20607000000.0,8883000000.0,4451000000.0,5642000000.0,24040000000.0,4244000000.0,4242000000.0,4415000000.0,20641000000.0
51,DebtCurrent,BS,2396000000.0,13000000.0,13000000.0,1732000000.0,1771000000.0,2435000000.0,2864000000.0,3198000000.0,2250000000.0,2411000000.0,3496000000.0,3653000000.0,5937000000.0,11861000000.0,13889000000.0,15808000000.0,9223000000.0,9948000000.0,10243000000.0,17468000000.0,13277000000.0,14409000000.0,14473000000.0,18762000000.0,13540000000.0,14972000000.0,17239000000.0,13830000000.0,18483000000.0,17185000000.0,15741000000.0,17930000000.0,19836000000.0,20500000000.0,19413000000.0,17258000000.0,21794000000.0,26195000000.0,21196000000.0,20578000000.0,27755000000.0,22952000000.0,21911000000.0,20458000000.0,18185000000.0,15293000000.0,12966000000.0,4276000000.0,4886000000.0,7367000000.0,6182000000.0,634000000.0,2296000000.0,3929000000.0,4743000000.0,4090000000.0
52,LongTermInvestmentsAndReceivablesNet,BS,32541000000.0,32642000000.0,33173000000.0,454489000000.0,35207000000.0,35241000000.0,35342000000.0,34333000000.0,34527000000.0,33921000000.0,35105000000.0,34718000000.0,35641000000.0,35643000000.0,37048000000.0,36328000000.0,37169000000.0,35110000000.0,35012000000.0,35239000000.0,34471000000.0,34162000000.0,34315000000.0,34245000000.0,34915000000.0,34182000000.0,35553000000.0,35102000000.0,38268000000.0,37719000000.0,37649000000.0,39160000000.0,40350000000.0,39691000000.0,40427000000.0,40790000000.0,42068000000.0,42533000000.0,42920000000.0,43164000000.0,42981000000.0,43192000000.0,43609000000.0,43515000000.0,44181000000.0,44774000000.0,45641000000.0,45195000000.0,46329000000.0,46820000000.0,50235000000.0,49793000000.0,49044000000.0,47273000000.0,48066000000.0,47630000000.0
53,EffectOfExchangeRateOnCashAndCashEquivalents,CF,-210000000.0,-680000000.0,-189000000.0,-153000000.0,254000000.0,388000000.0,-33000000.0,-85000000.0,200000000.0,24000000.0,187000000.0,217000000.0,-212000000.0,-292000000.0,-191000000.0,-175000000.0,-24000000.0,29000000.0,-170000000.0,-281000000.0,-224000000.0,-172000000.0,-334000000.0,-394000000.0,154000000.0,69000000.0,-20000000.0,-434000000.0,74000000.0,209000000.0,441000000.0,314000000.0,30000000.0,-105000000.0,-108000000.0,-257000000.0,43000000.0,52000000.0,,,,,,,,,,,,,,,,,,
54,AccumulatedOtherComprehensiveIncomeLossDefinedBenefitPensionAndOtherPostretirementPlansNetOfTax,BS,9352000000.0,8886000000.0,8968000000.0,9889000000.0,9955000000.0,9781000000.0,9258000000.0,13291000000.0,,,,,,,,,,,,,,,,,,,,,,,,,,,,,,,,,,,,,,,,,,,,,,,,
55,TaxesOther,IS,8613000000.0,7000000.0,8000000.0,36089000000.0,9394000000.0,10275000000.0,10212000000.0,39933000000.0,10288000000.0,9196000000.0,7883000000.0,35558000000.0,7945000000.0,8178000000.0,8523000000.0,33230000000.0,8021000000.0,8484000000.0,8244000000.0,32286000000.0,6613000000.0,6910000000.0,6981000000.0,27265000000.0,6104000000.0,6670000000.0,6496000000.0,25910000000.0,6270000000.0,6578000000.0,6952000000.0,30104000000.0,8147000000.0,8375000000.0,8303000000.0,32663000000.0,7405000000.0,7675000000.0,7676000000.0,30525000000.0,6832000000.0,5154000000.0,7352000000.0,26122000000.0,6660000000.0,7746000000.0,7889000000.0,30239000000.0,7554000000.0,6868000000.0,6587000000.0,27919000000.0,7221000000.0,7563000000.0,7712000000.0,29011000000.0
56,CostsAndExpenses,IS,78183000000.0,62000000.0,62000000.0,648406000000.0,197823000000.0,221042000000.0,216185000000.0,848840000000.0,218547000000.0,196472000000.0,98386000000.0,403569000000.0,92769000000.0,93701000000.0,98183000000.0,380544000000.0,91546000000.0,97496000000.0,94080000000.0,360309000000.0,60983000000.0,67159000000.0,61595000000.0,246916000000.0,46977000000.0,55298000000.0,55451000000.0,218125000000.0,57369000000.0,58720000000.0,60582000000.0,225689000000.0,60971000000.0,66989000000.0,67525000000.0,259259000000.0,59336000000.0,64459000000.0,60328000000.0,244882000000.0,56416000000.0,34245000000.0,46571000000.0,210385000000.0,55555000000.0,61435000000.0,64180000000.0,254406000000.0,81944000000.0,90748000000.0,86648000000.0,335927000000.0,69761000000.0,71258000000.0,77061000000.0,291799000000.0
57,LiabilitiesCurrent,BS,57744000000.0,13000000.0,13000000.0,58754000000.0,69065000000.0,70250000000.0,68115000000.0,70462000000.0,72928000000.0,63567000000.0,70061000000.0,64139000000.0,70084000000.0,72688000000.0,72749000000.0,71724000000.0,70108000000.0,69529000000.0,65984000000.0,64633000000.0,55933000000.0,58372000000.0,54828000000.0,53976000000.0,48726000000.0,51504000000.0,50021000000.0,47638000000.0,53374000000.0,50949000000.0,53777000000.0,57771000000.0,60306000000.0,62447000000.0,65288000000.0,57138000000.0,66632000000.0,70287000000.0,64195000000.0,63989000000.0,64773000000.0,57270000000.0,56468000000.0,56363000000.0,60150000000.0,62238000000.0,61856000000.0,56643000000.0,72059000000.0,80110000000.0,74057000000.0,69045000000.0,66666000000.0,61815000000.0,71186000000.0,65316000000.0
58,StockholdersEquityIncludingPortionAttributableToNoncontrollingInterest,BS,117666000000.0,99000000.0,58000000.0,680197000000.0,703978000000.0,720884000000.0,729871000000.0,708871000000.0,725608000000.0,748562000000.0,172355000000.0,171660000000.0,173077000000.0,171588000000.0,175478000000.0,180495000000.0,182891000000.0,188131000000.0,187495000000.0,181064000000.0,177446000000.0,178998000000.0,176839000000.0,176810000000.0,178498000000.0,176875000000.0,177010000000.0,173830000000.0,183771000000.0,185838000000.0,189198000000.0,194500000000.0,194911000000.0,193533000000.0,196831000000.0,198528000000.0,198021000000.0,198465000000.0,197109000000.0,198938000000.0,188743000000.0,187153000000.0,184612000000.0,164130000000.0,164101000000.0,165556000000.0,167506000000.0,175683000000.0,176526000000.0,184508000000.0,193043000000.0,202473000000.0,206414000000.0,206997000000.0,207533000000.0,212538000000.0
59,InterestExpense,IS,55000000.0,62000000.0,62000000.0,4035000000.0,1039000000.0,1151000000.0,1166000000.0,4512000000.0,1306000000.0,1159000000.0,59000000.0,327000000.0,24000000.0,85000000.0,52000000.0,9000000.0,66000000.0,64000000.0,88000000.0,286000000.0,88000000.0,85000000.0,78000000.0,311000000.0,77000000.0,75000000.0,106000000.0,453000000.0,146000000.0,158000000.0,111000000.0,601000000.0,204000000.0,147000000.0,200000000.0,766000000.0,181000000.0,216000000.0,232000000.0,830000000.0,249000000.0,317000000.0,279000000.0,1158000000.0,258000000.0,254000000.0,214000000.0,947000000.0,188000000.0,194000000.0,209000000.0,798000000.0,159000000.0,249000000.0,169000000.0,849000000.0
60,AccountsPayableAndAccruedLiabilitiesCurrent,BS,46136000000.0,2874000000.0,2988000000.0,47047000000.0,54437000000.0,54603000000.0,51022000000.0,53893000000.0,55579000000.0,47890000000.0,53516000000.0,50728000000.0,53978000000.0,52619000000.0,51260000000.0,48085000000.0,52109000000.0,52363000000.0,49272000000.0,42227000000.0,38144000000.0,39914000000.0,36681000000.0,32412000000.0,32294000000.0,33801000000.0,30027000000.0,31193000000.0,32069000000.0,31100000000.0,34698000000.0,36796000000.0,37207000000.0,38490000000.0,41714000000.0,37268000000.0,42090000000.0,41480000000.0,40541000000.0,41831000000.0,35815000000.0,33216000000.0,33340000000.0,35221000000.0,41017000000.0,45780000000.0,47257000000.0,50766000000.0,63501000000.0,67958000000.0,62550000000.0,63197000000.0,59935000000.0,54404000000.0,62257000000.0,58037000000.0
61,EarningsPerShareDiluted,IS,1.33,1.6,1.44,6.22,2.14,2.18,2.13,8.42,2.0,3.41,2.09,9.7,2.12,1.55,1.79,7.37,2.1,2.05,1.89,7.6,1.17,1.0,1.01,3.85,0.43,0.41,0.63,1.88,0.95,0.78,0.93,4.63,1.09,0.92,1.46,4.88,0.55,0.73,0.75,3.36,-0.14,-0.26,-0.15,-5.25,0.64,1.1,1.57,5.39,1.28,4.21,4.68,13.26,2.79,1.94,2.25,8.89
62,TotalRevenuesAndOtherIncome,IS,90251000000.0,1000000.0,-2000000.0,699444000000.0,217476000000.0,237234000000.0,234183000000.0,919549000000.0,235911000000.0,222498000000.0,115706000000.0,482295000000.0,108807000000.0,106469000000.0,112372000000.0,438255000000.0,106773000000.0,111647000000.0,107490000000.0,411939000000.0,67618000000.0,74113000000.0,67344000000.0,268882000000.0,48707000000.0,57694000000.0,58677000000.0,226094000000.0,63287000000.0,62876000000.0,66165000000.0,244363000000.0,68211000000.0,73501000000.0,76605000000.0,290212000000.0,63625000000.0,69091000000.0,,,,,,,,,,,,,,,,,,
63,CommonStockSharesIssued,BS,8019000000.0,8019000000.0,8019000000.0,8019000000.0,8019000000.0,8019000000.0,8019000000.0,8019000000.0,8019000000.0,8019000000.0,8019000000.0,8019000000.0,8019000000.0,8019000000.0,8019000000.0,8019000000.0,8019000000.0,8019000000.0,8019000000.0,8019000000.0,8019000000.0,8019000000.0,8019000000.0,8019000000.0,8019000000.0,8019000000.0,8019000000.0,8019000000.0,8019000000.0,8019000000.0,8019000000.0,8019000000.0,8019000000.0,8019000000.0,8019000000.0,8019000000.0,8019000000.0,8019000000.0,8019000000.0,8019000000.0,8019000000.0,8019000000.0,8019000000.0,8019000000.0,8019000000.0,8019000000.0,8019000000.0,8019000000.0,8019000000.0,8019000000.0,8019000000.0,8019000000.0,8019000000.0,8019000000.0,8019000000.0,8019000000.0
64,InventoryPartsAndComponentsNetOfReserves,BS,2857000000.0,3000000000.0,3148000000.0,3124000000.0,3236000000.0,3286000000.0,3332000000.0,3359000000.0,3406000000.0,3429000000.0,3565000000.0,3706000000.0,3785000000.0,3824000000.0,4038000000.0,4018000000.0,4129000000.0,4233000000.0,4320000000.0,4294000000.0,4310000000.0,4364000000.0,4335000000.0,4208000000.0,4386000000.0,4332000000.0,4361000000.0,4203000000.0,4187000000.0,4170000000.0,4255000000.0,4121000000.0,4169000000.0,4110000000.0,4144000000.0,4155000000.0,4353000000.0,4456000000.0,4459000000.0,4518000000.0,4434000000.0,4629000000.0,4723000000.0,4681000000.0,4617000000.0,4564000000.0,4520000000.0,4261000000.0,4103000000.0,4005000000.0,4018000000.0,4001000000.0,4184000000.0,4243000000.0,4398000000.0,4592000000.0
65,EarningsPerShareBasic,IS,1.33,1.61,1.44,6.24,2.14,2.19,2.13,8.43,2.0,3.41,2.09,9.7,2.12,1.55,1.79,7.37,2.1,2.05,1.89,7.6,1.17,1.0,1.01,3.85,0.43,0.41,0.63,1.88,0.95,0.78,0.93,4.63,1.09,0.92,1.46,4.88,0.55,0.73,0.75,3.36,-0.14,-0.26,-0.15,-5.25,0.64,1.1,1.57,5.39,1.28,4.21,4.68,13.26,2.79,1.94,2.25,8.89
66,NetCashProvidedByUsedInFinancingActivities,CF,-4620000000.0,150000000.0,150000000.0,-12972000000.0,99000000.0,6000000.0,-37000000.0,-29050000000.0,221000000.0,-44000000.0,-26143000000.0,-33868000000.0,-6694000000.0,-7409000000.0,,,,,,,,,,,,,,,,,-13293000000.0,-15130000000.0,-5742000000.0,-8986000000.0,-13945000000.0,-19446000000.0,-1044000000.0,-496000000.0,-2162000000.0,-6618000000.0,8785000000.0,15062000000.0,10568000000.0,5285000000.0,-7785000000.0,-14807000000.0,-22464000000.0,-35423000000.0,-6713000000.0,-15384000000.0,-25177000000.0,-39114000000.0,-8507000000.0,-16683000000.0,-24742000000.0,-34297000000.0
67,CrudeOilAndProductPurchases,IS,46785000000.0,10541000000.0,9545000000.0,518961000000.0,163771000000.0,184103000000.0,179354000000.0,704125000000.0,182335000000.0,162006000000.0,65180000000.0,265149000000.0,59899000000.0,59481000000.0,63961000000.0,244156000000.0,58314000000.0,62649000000.0,60428000000.0,225972000000.0,32698000000.0,37312000000.0,32276000000.0,130003000000.0,20707000000.0,27130000000.0,28035000000.0,104171000000.0,30359000000.0,30194000000.0,31432000000.0,128217000000.0,36288000000.0,41327000000.0,41776000000.0,156172000000.0,34801000000.0,38942000000.0,35290000000.0,143801000000.0,32083000000.0,14069000000.0,23950000000.0,94007000000.0,32601000000.0,37329000000.0,39745000000.0,155164000000.0,52388000000.0,65613000000.0,60197000000.0,228959000000.0,46003000000.0,47598000000.0,53076000000.0,193029000000.0
68,OtherAssetsCurrent,BS,5329000000.0,427000000.0,463000000.0,5030000000.0,6977000000.0,7246000000.0,6502000000.0,5876000000.0,5650000000.0,5104000000.0,5667000000.0,5008000000.0,5482000000.0,5295000000.0,5457000000.0,5108000000.0,5011000000.0,5373000000.0,4857000000.0,3565000000.0,4298000000.0,4649000000.0,4197000000.0,2798000000.0,3368000000.0,3768000000.0,2122000000.0,1285000000.0,1519000000.0,1544000000.0,1480000000.0,1368000000.0,1456000000.0,1649000000.0,1665000000.0,1272000000.0,1553000000.0,1563000000.0,1759000000.0,1469000000.0,1465000000.0,1747000000.0,2002000000.0,1098000000.0,1568000000.0,1562000000.0,1664000000.0,1189000000.0,1862000000.0,2654000000.0,2318000000.0,1782000000.0,2098000000.0,2039000000.0,1905000000.0,1906000000.0
69,CommonStockNoParValue,BS,0.0,0.0,0.0,0.0,,,,,,,,,,,,,,,,,,,,,,,,,,,,,,,,,,,,,,,,,,,,,,,,,,,,
70,CommonStockValue,BS,5300000000.0,9002000000.0,9341000000.0,9371000000.0,9156000000.0,9352000000.0,9506000000.0,9512000000.0,9007000000.0,9221000000.0,9645000000.0,9653000000.0,9665000000.0,9882000000.0,10062000000.0,10077000000.0,10276000000.0,10487000000.0,10681000000.0,10792000000.0,11006000000.0,11224000000.0,11443000000.0,11612000000.0,11825000000.0,12019000000.0,12228000000.0,12157000000.0,14415000000.0,14617000000.0,14783000000.0,14656000000.0,14888000000.0,15086000000.0,15254000000.0,15258000000.0,15476000000.0,15639000000.0,15795000000.0,15637000000.0,15636000000.0,15812000000.0,15997000000.0,15688000000.0,15884000000.0,16006000000.0,16104000000.0,15746000000.0,15879000000.0,16018000000.0,16106000000.0,15752000000.0,15904000000.0,16029000000.0,16165000000.0,17781000000.0
71,TreasuryStockShares,BS,3321000000.0,2927000000.0,2976000000.0,3040000000.0,3093000000.0,3157000000.0,3226000000.0,3285000000.0,3343000000.0,3403000000.0,3460000000.0,3517000000.0,3573000000.0,3617000000.0,3650000000.0,3684000000.0,3725000000.0,3754000000.0,3784000000.0,3818000000.0,3838000000.0,3850000000.0,3856000000.0,3863000000.0,3872000000.0,3872000000.0,3872000000.0,3871000000.0,3782000000.0,3782000000.0,3782000000.0,3780000000.0,3785000000.0,3785000000.0,3785000000.0,3782000000.0,3788000000.0,3788000000.0,3788000000.0,3785000000.0,3791000000.0,3791000000.0,3791000000.0,3786000000.0,3785000000.0,3785000000.0,3785000000.0,3780000000.0,3806000000.0,3851000000.0,3901000000.0,,,,,
72,AccruedIncomeTaxesCurrent,BS,9212000000.0,-816000000.0,-1610000000.0,9975000000.0,12857000000.0,13212000000.0,14229000000.0,13371000000.0,15099000000.0,13266000000.0,13049000000.0,9758000000.0,10169000000.0,8208000000.0,7600000000.0,7831000000.0,8776000000.0,7218000000.0,6469000000.0,4938000000.0,4512000000.0,4049000000.0,3674000000.0,2802000000.0,2892000000.0,2731000000.0,2755000000.0,2615000000.0,2822000000.0,2664000000.0,3338000000.0,3045000000.0,3263000000.0,3457000000.0,4161000000.0,2612000000.0,2748000000.0,2612000000.0,2458000000.0,1580000000.0,1203000000.0,1102000000.0,1217000000.0,684000000.0,948000000.0,1165000000.0,1633000000.0,1601000000.0,3672000000.0,4785000000.0,5325000000.0,5214000000.0,4435000000.0,3482000000.0,4186000000.0,3189000000.0
73,IncreaseDecreaseInOperatingCapital,CF,-3201000000.0,-2068000000.0,-3722000000.0,,2887000000.0,,,,,,,,,,,,,,,,,,,,,,,,,,,,,,,,,,,,,,,,,,,,,,,,,,,
74,Liabilities,BS,125082000000.0,2806000000.0,2858000000.0,546489000000.0,584151000000.0,593582000000.0,599964000000.0,582417000000.0,606647000000.0,606622000000.0,162836000000.0,162135000000.0,166562000000.0,170027000000.0,172086000000.0,166313000000.0,170142000000.0,170455000000.0,165269000000.0,168429000000.0,165515000000.0,169262000000.0,163823000000.0,159948000000.0,164291000000.0,165598000000.0,162376000000.0,156484000000.0,160438000000.0,157174000000.0,160229000000.0,154191000000.0,153915000000.0,155257000000.0,157797000000.0,147668000000.0,158168000000.0,162264000000.0,162252000000.0,163659000000.0,167061000000.0,174342000000.0,173431000000.0,168620000000.0,169669000000.0,171733000000.0,169182000000.0,163240000000.0,178245000000.0,183266000000.0,177109000000.0,166594000000.0,162957000000.0,156251000000.0,164726000000.0,163779000000.0
75,PaymentsForProceedsFromOtherInvestingActivities,CF,-165000000.0,-303000000.0,-7000000.0,,211000000.0,-871000000.0,-1144000000.0,,-76000000.0,-1235000000.0,-1533000000.0,,-112000000.0,-397000000.0,-527000000.0,,-368000000.0,-2398000000.0,-3415000000.0,,-290000000.0,-360000000.0,-662000000.0,,-309000000.0,-481000000.0,-761000000.0,,-180000000.0,-301000000.0,-1962000000.0,,-187000000.0,-277000000.0,-492000000.0,,-209000000.0,-292000000.0,-769000000.0,,-220000000.0,-309000000.0,-1710000000.0,,-87000000.0,-132000000.0,-342000000.0,,-90000000.0,-150000000.0,-238000000.0,,,,,
76,ReceivablesNetCurrent,BS,29052000000.0,25000000.0,38000000.0,30346000000.0,33046000000.0,33159000000.0,32289000000.0,36569000000.0,33687000000.0,31714000000.0,36635000000.0,34987000000.0,34291000000.0,35340000000.0,33230000000.0,33152000000.0,32480000000.0,34182000000.0,30963000000.0,28009000000.0,25031000000.0,25957000000.0,22157000000.0,19875000000.0,19814000000.0,21827000000.0,20388000000.0,21394000000.0,21842000000.0,21289000000.0,23263000000.0,25597000000.0,24686000000.0,26993000000.0,27880000000.0,24701000000.0,27105000000.0,27132000000.0,25308000000.0,26966000000.0,20871000000.0,19036000000.0,19974000000.0,20581000000.0,24755000000.0,28540000000.0,29516000000.0,32383000000.0,42142000000.0,48063000000.0,42411000000.0,41749000000.0,38808000000.0,35915000000.0,41814000000.0,38015000000.0
77,LiabilitiesAndStockholdersEquity,BS,242748000000.0,2905000000.0,2916000000.0,1226686000000.0,1288129000000.0,1314466000000.0,1329835000000.0,1291288000000.0,1332255000000.0,1355184000000.0,335191000000.0,333795000000.0,339639000000.0,341615000000.0,347564000000.0,346808000000.0,353033000000.0,358586000000.0,352764000000.0,349493000000.0,342961000000.0,348260000000.0,340662000000.0,336758000000.0,342789000000.0,342473000000.0,339386000000.0,330314000000.0,344209000000.0,343012000000.0,349427000000.0,348691000000.0,348826000000.0,348790000000.0,354628000000.0,346196000000.0,356189000000.0,360729000000.0,359361000000.0,362597000000.0,355804000000.0,361495000000.0,358043000000.0,332750000000.0,333770000000.0,337289000000.0,336688000000.0,338923000000.0,354771000000.0,367774000000.0,370152000000.0,369067000000.0,369371000000.0,363248000000.0,372259000000.0,376317000000.0
78,AssetsCurrent,BS,61696000000.0,25000000.0,38000000.0,54670000000.0,67215000000.0,67024000000.0,64001000000.0,67310000000.0,70396000000.0,64990000000.0,72138000000.0,64460000000.0,62594000000.0,62844000000.0,61303000000.0,59308000000.0,61864000000.0,64013000000.0,58595000000.0,52910000000.0,50658000000.0,51647000000.0,47234000000.0,42623000000.0,44251000000.0,45828000000.0,42945000000.0,41416000000.0,43131000000.0,42180000000.0,45752000000.0,47134000000.0,48315000000.0,50555000000.0,53975000000.0,47973000000.0,51576000000.0,51743000000.0,50008000000.0,50052000000.0,50249000000.0,53016000000.0,48693000000.0,44893000000.0,48195000000.0,52842000000.0,55555000000.0,59154000000.0,77255000000.0,93163000000.0,99289000000.0,97631000000.0,97224000000.0,91760000000.0,101142000000.0,96609000000.0
79,ProfitLoss,EQ,,-39000000.0,-41000000.0,29389000000.0,11407000000.0,9387000000.0,10354000000.0,40409000000.0,9731000000.0,17770000000.0,9926000000.0,47681000000.0,9761000000.0,6975000000.0,8069000000.0,33448000000.0,9370000000.0,9117000000.0,8346000000.0,33615000000.0,5075000000.0,4262000000.0,4384000000.0,16551000000.0,1781000000.0,1681000000.0,2889000000.0,8375000000.0,4090000000.0,3264000000.0,4085000000.0,19848000000.0,4783000000.0,3986000000.0,6446000000.0,21421000000.0,2406000000.0,3391000000.0,3247000000.0,14774000000.0,-770000000.0,-1169000000.0,-709000000.0,-23251000000.0,2796000000.0,4781000000.0,6942000000.0,23598000000.0,5750000000.0,18574000000.0,20198000000.0,57577000000.0,11843000000.0,8153000000.0,9346000000.0,37354000000.0
80,OtherComprehensiveIncomeDefinedBenefitPlansAdjustmentNetOfTaxPeriodIncreaseDecrease,EQ,,178000000.0,-393000000.0,-1161000000.0,-405000000.0,-160000000.0,272000000.0,-4907000000.0,,,,,,,,,,,,,,,,,,,,,,,,,,,,,,,,,,,,,,,,,,,,,,,,
81,ExcessTaxBenefitFromShareBasedCompensationFinancingActivities,CF,,28000000.0,47000000.0,122000000.0,,171000000.0,220000000.0,260000000.0,,,,130000000.0,,7000000.0,14000000.0,48000000.0,,7000000.0,10000000.0,115000000.0,,,,2000000.0,,,,,,,,,,,,,,,,,,,,,,,,,,,,,,,,
82,OtherComprehensiveIncomePostretirementBenefitsRecognizedInNetPeriodicPensionCostNetOfTax,EQ,,312000000.0,300000000.0,1040000000.0,310000000.0,321000000.0,298000000.0,1217000000.0,,,,,,,,,,,,,,,,,,,,,,,,,,,,,,,,,,,,,,,,,,,,,,,,
83,StockholdersEquityIncludingPortionAttributableToNoncontrollingInterest,EQ,,99000000.0,58000000.0,680197000000.0,703978000000.0,720884000000.0,729871000000.0,708871000000.0,725608000000.0,748562000000.0,172355000000.0,171660000000.0,173077000000.0,171588000000.0,175478000000.0,180495000000.0,182891000000.0,188131000000.0,187495000000.0,181064000000.0,177446000000.0,178998000000.0,176839000000.0,176810000000.0,178498000000.0,176875000000.0,177010000000.0,173830000000.0,183771000000.0,185838000000.0,189198000000.0,194500000000.0,194911000000.0,193533000000.0,196831000000.0,198528000000.0,198021000000.0,198465000000.0,197109000000.0,198938000000.0,188743000000.0,187153000000.0,184612000000.0,164130000000.0,164101000000.0,165556000000.0,167506000000.0,175683000000.0,176526000000.0,184508000000.0,193043000000.0,202473000000.0,206414000000.0,206997000000.0,207533000000.0,212538000000.0
84,IssuedForXtoMerger,EQ,,24659000000.0,24659000000.0,24659000000.0,,,,,,,,,,,,,,,,,,,,,,,,,,,,,,,,,,,,,,,,,,,,,,,,,,,,
85,AmortizationOfStockBasedAwards,EQ,,365000000.0,572000000.0,751000000.0,203000000.0,383000000.0,572000000.0,742000000.0,226000000.0,439000000.0,618000000.0,806000000.0,212000000.0,428000000.0,593000000.0,761000000.0,201000000.0,402000000.0,588000000.0,780000000.0,213000000.0,429000000.0,647000000.0,828000000.0,211000000.0,403000000.0,612000000.0,796000000.0,264000000.0,467000000.0,635000000.0,801000000.0,237000000.0,436000000.0,605000000.0,758000000.0,223000000.0,166000000.0,156000000.0,697000000.0,181000000.0,177000000.0,187000000.0,696000000.0,202000000.0,126000000.0,99000000.0,534000000.0,138000000.0,143000000.0,91000000.0,481000000.0,158000000.0,130000000.0,138000000.0,565000000.0
86,OtherComprehensiveIncomeUnrealizedGainLossOnDerivativesArisingDuringPeriodNetOfTax,EQ,,80000000.0,115000000.0,184000000.0,3000000.0,7000000.0,14000000.0,28000000.0,,,,,,,,,,,,,,,,,,,,,,,,,,,,,,,,,,,,,,,,,,,,,,,,
87,OtherComprehensiveIncomeForeignCurrencyTransactionAndTranslationAdjustmentNetOfTaxPeriodIncreaseDecrease,EQ,,-1847000000.0,2705000000.0,1034000000.0,1334000000.0,2112000000.0,-1224000000.0,-867000000.0,,,,,,,,,,,,,,,,,,,,,,,,,,,,,,,,,,,,,,,,,,,,,,,,
88,AccumulatedOtherComprehensiveIncomeLossCumulativeChangesInNetGainLossFromCashFlowHedgesEffectNetOfTax,BS,,80000000.0,153000000.0,55000000.0,39000000.0,32000000.0,29000000.0,,,,,,,,,,,,,,,,,,,,,,,,,,,,,,,,,,,,,,,,,,,,,,,,,
89,StockholdersEquityOther,EQ,,384000000.0,482000000.0,673000000.0,503000000.0,539000000.0,600000000.0,808000000.0,209000000.0,2203000000.0,2187000000.0,2284000000.0,147000000.0,150000000.0,142000000.0,259000000.0,5000000.0,-1000000.0,-6000000.0,114000000.0,2000000.0,3000000.0,5000000.0,124000000.0,2000000.0,4000000.0,7000000.0,281000000.0,84000000.0,138000000.0,141000000.0,432000000.0,5000000.0,13000000.0,15000000.0,-280000000.0,5000000.0,3000000.0,-275000000.0,-171000000.0,25000000.0,-222000000.0,-192000000.0,-47000000.0,-47000000.0,-29000000.0,-3000000.0,361000000.0,-9000000.0,19000000.0,32000000.0,70000000.0,22000000.0,-22000000.0,-57000000.0,427000000.0
90,DividendsCommonStock,EQ,,4191000000.0,6530000000.0,8779000000.0,2283000000.0,4648000000.0,7037000000.0,9326000000.0,2317000000.0,5092000000.0,7787000000.0,10419000000.0,2666000000.0,,,,,,,,,,,,,,,,,,,,,,,,,,,,,,,,,,,,,,,,,,,
91,TreasuryStockValueAcquiredCostMethod,EQ,,4065000000.0,7338000000.0,13908000000.0,5662000000.0,11177000000.0,16645000000.0,22070000000.0,5720000000.0,10747000000.0,15845000000.0,21102000000.0,5622000000.0,,,,,,,,,,,,,,,,,,,,,,,,,,,,,,,,,,,,,,,,,,,
92,StockIssuedDuringPeriodValueTreasuryStockReissued,EQ,,514000000.0,774000000.0,1756000000.0,880000000.0,1038000000.0,1216000000.0,1731000000.0,471000000.0,476000000.0,558000000.0,667000000.0,391000000.0,399000000.0,431000000.0,550000000.0,3000000.0,9000000.0,10000000.0,144000000.0,3000000.0,3000000.0,3000000.0,125000000.0,6000000.0,10000000.0,12000000.0,287000000.0,3000000.0,3000000.0,4000000.0,295000000.0,2000000.0,2000000.0,2000000.0,319000000.0,13000000.0,38000000.0,-47000000.0,312000000.0,3000000.0,1000000.0,4000000.0,464000000.0,4000000.0,2000000.0,6000000.0,467000000.0,2000000.0,1000000.0,1000000.0,466000000.0,2000000.0,2000000.0,1000000.0,503000000.0
93,CorporationAcquiredAllOutstandingEquityOfXtoEnergyIncInAllStockTransaction,CF,,24659000000.0,,,,,,,,,,,,,,,,,,,,,,,,,,,,,,,,,,,,,,,,,,,,,,,,,,,,,,
94,AdjustmentsToAdditionalPaidInCapitalTaxEffectFromShareBasedCompensation,EQ,,10000000.0,240000000.0,280000000.0,81000000.0,133000000.0,159000000.0,202000000.0,22000000.0,23000000.0,252000000.0,178000000.0,188000000.0,192000000.0,200000000.0,162000000.0,3000000.0,7000000.0,10000000.0,49000000.0,3000000.0,6000000.0,9000000.0,116000000.0,4000000.0,8000000.0,11000000.0,30000000.0,,,,,,,,,,,,,,,,,,,,,,,,,,,,
95,OtherComprehensiveIncomeReclassificationAdjustmentOnDerivativesIncludedInNetIncomeNetOfTax,EQ,,,-42000000.0,-129000000.0,-19000000.0,-14000000.0,17000000.0,83000000.0,,,,,,,,,,,,,,,,,,,,,,,,,,,,,,,,,,,,,,,,,,,,,,,,
96,IncreaseDecreaseInInventories,CF,,,,-1148000000.0,,,,2208000000.0,,,,1873000000.0,,,,1812000000.0,,,,1343000000.0,,,,379000000.0,,,,388000000.0,,,,1682000000.0,,,,3107000000.0,,,,-72000000.0,-2245000000.0,-176000000.0,-61000000.0,315000000.0,0.0,,,489000000.0,,,,6947000000.0,,,,3472000000.0
97,AdditionalInvestmentsAndAdvances,CF,,,,1239000000.0,,2949000000.0,3122000000.0,3586000000.0,,397000000.0,768000000.0,972000000.0,3032000000.0,3464000000.0,3644000000.0,4435000000.0,457000000.0,678000000.0,1269000000.0,1631000000.0,282000000.0,363000000.0,412000000.0,607000000.0,234000000.0,311000000.0,1398000000.0,1417000000.0,1738000000.0,1793000000.0,1950000000.0,5507000000.0,138000000.0,704000000.0,1113000000.0,1981000000.0,910000000.0,1730000000.0,2532000000.0,3905000000.0,728000000.0,1524000000.0,3443000000.0,4857000000.0,349000000.0,613000000.0,1055000000.0,2817000000.0,417000000.0,643000000.0,915000000.0,3090000000.0,445000000.0,834000000.0,1141000000.0,2995000000.0
98,IncreaseDecreaseInRestrictedCash,CF,,,,-257000000.0,,,,-92000000.0,,,,-63000000.0,,,,-72000000.0,,,,-227000000.0,,,,-42000000.0,,,,,,,,,,,,,,,,,,,,,,,,,,,,,,,,
99,ComprehensiveIncomeNetOfTax,CI,,,,31098000000.0,,,,36760000000.0,10423000000.0,13153000000.0,11116000000.0,41819000000.0,8917000000.0,5246000000.0,9200000000.0,,8785000000.0,10509000000.0,5185000000.0,24288000000.0,1302000000.0,5292000000.0,1397000000.0,11596000000.0,4937000000.0,1340000000.0,2928000000.0,9112000000.0,5570000000.0,5127000000.0,6221000000.0,25687000000.0,3959000000.0,2333000000.0,6479000000.0,17577000000.0,3132000000.0,3707000000.0,2098000000.0,14411000000.0,-5456000000.0,1642000000.0,748000000.0,-19652000000.0,3345000000.0,5194000000.0,5640000000.0,25981000000.0,6330000000.0,15747000000.0,16874000000.0,56234000000.0,11605000000.0,8318000000.0,8639000000.0,37291000000.0
100,OtherComprehensiveIncomeForeignCurrencyTransactionAndTranslationReclassificationAdjustmentRealizedUponSaleOrLiquidationNetOfTax,EQ,,,,-25000000.0,,,,,,,,,,,,,,,,,,,,,,,,,,,,,,,,,,,,,,,,,,,,,,,,,,,,
101,OtherComprehensiveIncomeUnrealizedGainLossOnDerivativesArisingDuringPeriodNetOfTax,CI,,,,184000000.0,,,,28000000.0,,,,,,,,,,,,,,,,,,,,,,,,,,,,,,,,,,,,,,,,,,,,,,,,
102,ProceedsFromSaleAndCollectionOfReceivables,CF,,,,1133000000.0,,,,1119000000.0,,,,1924000000.0,,,,1124000000.0,,,,3346000000.0,,,,842000000.0,,,,902000000.0,,,,2076000000.0,,,,986000000.0,,,,1490000000.0,,,,2681000000.0,,,,1482000000.0,,,,1508000000.0,78000000.0,183000000.0,214000000.0,1562000000.0
103,BusinessCombinationConsiderationTransferred,CF,,,,24659000000.0,,,,,,,,,,,,,,,,,,,,,,,,,,,,,,,,,,,,,,,,,,,,,,,,,,,,
104,OtherLongTermObligationsExpenseAndPaymentsAdjustment,CF,,,,160000000.0,,,,-151000000.0,,,,1643000000.0,,,,-2566000000.0,,,,1404000000.0,,,,-380000000.0,,,,-19000000.0,,,,-610000000.0,,,,-68000000.0,,,,-3038000000.0,,,,-1269000000.0,,,,50000000.0,,,,-1932000000.0,,,,-1501000000.0
105,PaymentsToAcquireMarketableSecurities,CF,,,,15000000.0,,1754000000.0,1754000000.0,1754000000.0,,,,,,,,,,,,,,,,,,,,,,,,,,,,,,,,,,,,,,,,,,,,,,,,
106,IncomeIncludingEquityAffiliateEarningsBeforeIncomeTaxes,IS,,,,51038000000.0,19653000000.0,,,,,,,,,,,,,,,,,,,,,,,,,,,,,,,,,,,,,,,,,,,,,,,,,,,
107,ProceedsFromSaleAndMaturityOfMarketableSecurities,CF,,,,155000000.0,,,1674000000.0,1674000000.0,,,,,,,,,,,,,,,,,,,,,,,,,,,,,,,,,,,,,,,,,,,,,,,,
108,OtherComprehensiveIncomeForeignCurrencyTransactionAndTranslationGainLossArisingDuringPeriodNetOfTax,CI,,,,1034000000.0,,,,-867000000.0,1065000000.0,-266000000.0,1159000000.0,842000000.0,-1088000000.0,-3214000000.0,-2118000000.0,-3233000000.0,-555000000.0,849000000.0,-2637000000.0,-5258000000.0,-4784000000.0,-3873000000.0,-7497000000.0,-8204000000.0,2962000000.0,2209000000.0,2189000000.0,-331000000.0,1342000000.0,2849000000.0,2342000000.0,5352000000.0,-804000000.0,-2040000000.0,124000000.0,-5077000000.0,749000000.0,600000000.0,-1424000000.0,1735000000.0,-5649000000.0,2875000000.0,1469000000.0,1916000000.0,149000000.0,423000000.0,-1625000000.0,-872000000.0,741000000.0,-2537000000.0,-3361000000.0,-3482000000.0,173000000.0,514000000.0,-933000000.0,1241000000.0
109,ComprehensiveIncomeNetOfTaxAttributableToNoncontrollingInterest,CI,,,,1293000000.0,,,,834000000.0,325000000.0,196000000.0,541000000.0,1251000000.0,144000000.0,-55000000.0,331000000.0,,59000000.0,556000000.0,-27000000.0,421000000.0,-406000000.0,159000000.0,-175000000.0,-496000000.0,354000000.0,16000000.0,166000000.0,668000000.0,159000000.0,169000000.0,372000000.0,693000000.0,-9000000.0,-97000000.0,311000000.0,174000000.0,182000000.0,391000000.0,14000000.0,588000000.0,-672000000.0,131000000.0,92000000.0,-743000000.0,146000000.0,178000000.0,57000000.0,786000000.0,359000000.0,547000000.0,199000000.0,1659000000.0,436000000.0,373000000.0,340000000.0,1605000000.0
110,ProceedsFromShortTermDebtMaturingInMoreThanThreeMonths,CF,,,,598000000.0,,,,1063000000.0,,,,958000000.0,,,,16000000.0,,,,,,,,,,,,,1734000000.0,1735000000.0,1735000000.0,1735000000.0,,,,,,,,,,,,,,,,12687000000.0,,,,198000000.0,,,,0.0
111,NetGainOnAssetSales,CF,,,,-1401000000.0,,,,-2842000000.0,,11109000000.0,11693000000.0,13018000000.0,,358000000.0,511000000.0,,,,,,,,,,,,,,,,,,,,,,,,,,,,,,,,,,,,,,,,,
112,IncomeLossFromEquityMethodInvestmentsNetOfDividendsOrDistributions,CF,,,,-596000000.0,,,,273000000.0,,,,1157000000.0,,,,-3000000.0,,,,358000000.0,,,,691000000.0,,,,579000000.0,,,,-131000000.0,,,,1684000000.0,,,,936000000.0,,,,-979000000.0,,,,668000000.0,,,,2446000000.0,,,,-509000000.0
113,OtherComprehensiveIncomeForeignCurrencyTransactionAndTranslationReclassificationAdjustmentRealizedUponSaleOrLiquidationNetOfTax,CI,,,,-25000000.0,,,,,52000000.0,-2484000000.0,,,,,,,,,,,,,,,,,,,,,,,,,,,,,,,,,,,,,,,,,,,,,,
114,PostretirementBenefitsExpenseAndPaymentsAdjustment,CF,,,,1700000000.0,,,,544000000.0,,,,-315000000.0,,,,2291000000.0,,,,524000000.0,,,,2153000000.0,,,,-329000000.0,,,,1135000000.0,,,,1070000000.0,,,,,,,,,,,,,,,,,,,,
115,ProfitLoss,CI,,,,29389000000.0,,,,40409000000.0,9731000000.0,17770000000.0,9926000000.0,47681000000.0,9761000000.0,6975000000.0,8069000000.0,33448000000.0,9370000000.0,9117000000.0,8346000000.0,33615000000.0,5075000000.0,4262000000.0,4384000000.0,16551000000.0,1781000000.0,1681000000.0,2889000000.0,8375000000.0,4090000000.0,3264000000.0,4085000000.0,19848000000.0,4783000000.0,3986000000.0,6446000000.0,21421000000.0,2406000000.0,3391000000.0,3247000000.0,14774000000.0,-770000000.0,-1169000000.0,-709000000.0,-23251000000.0,2796000000.0,4781000000.0,6942000000.0,23598000000.0,5750000000.0,18574000000.0,20198000000.0,57577000000.0,11843000000.0,8153000000.0,9346000000.0,37354000000.0
116,IncreaseDecreaseInAccountsPayable,CF,,,,9943000000.0,,,,8880000000.0,,,,3624000000.0,,,,-2498000000.0,,,,-6639000000.0,,,,-7471000000.0,,,,915000000.0,,,,5104000000.0,,,,2321000000.0,,,,3725000000.0,,,,-7142000000.0,,,,16820000000.0,,,,18460000000.0,,,,-4727000000.0
117,OtherComprehensiveIncomeReclassificationAdjustmentOnDerivativesIncludedInNetIncomeNetOfTax,CI,,,,-129000000.0,,,,83000000.0,,,,,,,,,,,,,,,,,,,,,,,,,,,,,,,,,,,,,,,,,,,,,,,,
118,IncreaseDecreaseInAccountsAndNotesReceivable,CF,,,,-5863000000.0,,,,7906000000.0,,,,1082000000.0,,,,305000000.0,,,,-3118000000.0,,,,-4692000000.0,,,,2090000000.0,,,,3954000000.0,,,,545000000.0,,,,2640000000.0,,,,-5384000000.0,,,,12098000000.0,,,,11019000000.0,,,,-4370000000.0
119,RestrictedCashAndCashEquivalents,BS,,,,257000000.0,,,,165000000.0,,,,341000000.0,376000000.0,403000000.0,439000000.0,269000000.0,204000000.0,198000000.0,52000000.0,42000000.0,43000000.0,35000000.0,,,,,,,,,,,,,,,,,,,,,,,,,,,,,57000000.0,,,,,
120,DeferredIncomeTaxExpenseBenefit,CF,,,,-1135000000.0,,,,142000000.0,,,,3142000000.0,,,,,,,,1540000000.0,,,,-1832000000.0,,,,-4386000000.0,,,,-8577000000.0,,,,-60000000.0,,,,-944000000.0,,,,-8856000000.0,,,,303000000.0,,,,3758000000.0,,,,634000000.0
121,IncreaseDecreaseInOtherOperatingAssets,CF,,,,913000000.0,,,,-222000000.0,,,,42000000.0,,,,105000000.0,,,,68000000.0,,,,-45000000.0,,,,-171000000.0,,,,117000000.0,,,,25000000.0,,,,234000000.0,,,,-420000000.0,,,,71000000.0,,,,688000000.0,,,,426000000.0
122,OtherComprehensiveIncomeDefinedBenefitPlansAdjustmentNetOfTaxPeriodIncreaseDecrease,CI,,,,-1161000000.0,,,,-4907000000.0,-404000000.0,224000000.0,,,,,,,,,,,,,,,,,,,,,,,,,,,,,,,,,,,,,,,,,,,,,,
123,ProceedsFromRepaymentsOfShortTermDebtMaturingInThreeMonthsOrLess,CF,,,,709000000.0,,,,752000000.0,,,,-226000000.0,,,,12012000000.0,,-5747000000.0,-5413000000.0,2049000000.0,-3956000000.0,-2773000000.0,-2537000000.0,,,,,,,,,,,,,,,,,,,,,,,,,,,,,,,,,
124,OtherComprehensiveIncomePostretirementBenefitsRecognizedInNetPeriodicPensionCostNetOfTax,CI,,,,1040000000.0,,,,1217000000.0,-366000000.0,-152000000.0,-351000000.0,-3402000000.0,78000000.0,152000000.0,1303000000.0,1752000000.0,305000000.0,606000000.0,884000000.0,1066000000.0,340000000.0,686000000.0,1041000000.0,1402000000.0,281000000.0,564000000.0,833000000.0,1051000000.0,247000000.0,520000000.0,311000000.0,1165000000.0,237000000.0,229000000.0,223000000.0,931000000.0,185000000.0,141000000.0,186000000.0,582000000.0,204000000.0,203000000.0,206000000.0,896000000.0,378000000.0,215000000.0,196000000.0,925000000.0,93000000.0,102000000.0,128000000.0,403000000.0,6000000.0,7000000.0,6000000.0,61000000.0
125,RepaymentsOfShortTermDebtMaturingInMoreThanThreeMonths,CF,,,,2436000000.0,,,,1103000000.0,,,,4488000000.0,,,,756000000.0,,,,745000000.0,,,,506000000.0,,,,314000000.0,2669000000.0,2722000000.0,4971000000.0,5024000000.0,3872000000.0,4256000000.0,4279000000.0,4752000000.0,3777000000.0,3805000000.0,3836000000.0,4043000000.0,1533000000.0,1618000000.0,1651000000.0,1703000000.0,10849000000.0,18000000000.0,24066000000.0,29396000000.0,2098000000.0,2336000000.0,3895000000.0,8075000000.0,126000000.0,172000000.0,222000000.0,879000000.0
126,ComprehensiveIncomeNetOfTaxIncludingPortionAttributableToNoncontrollingInterest,CI,,,,32391000000.0,,,,37594000000.0,10900000000.0,13445000000.0,11657000000.0,43070000000.0,9061000000.0,5191000000.0,9531000000.0,,8844000000.0,11065000000.0,5158000000.0,24709000000.0,896000000.0,5451000000.0,1222000000.0,11100000000.0,5291000000.0,1356000000.0,3094000000.0,9780000000.0,5729000000.0,5296000000.0,6593000000.0,26380000000.0,3950000000.0,2236000000.0,6790000000.0,17751000000.0,3314000000.0,4098000000.0,2112000000.0,14999000000.0,-6128000000.0,1773000000.0,840000000.0,-20395000000.0,3491000000.0,5372000000.0,5697000000.0,26767000000.0,6689000000.0,16294000000.0,17073000000.0,57893000000.0,12041000000.0,8691000000.0,8979000000.0,38896000000.0
127,RestrictedCashAndCashEquivalentsAtCarryingValue,BS,,,,,176000000.0,231000000.0,220000000.0,,141000000.0,153000000.0,206000000.0,,,,,,,,,,,,,,,,,,,,,,,,,,,,,,,,,,,,,,,,,25000000.0,25000000.0,29000000.0,29000000.0,29000000.0
128,IncomeLossFromContinuingOperationsBeforeIncomeTaxesExtraordinaryItemsNoncontrollingInterest,IS,,,,,,16192000000.0,17998000000.0,70709000000.0,17364000000.0,26026000000.0,17320000000.0,78726000000.0,16038000000.0,12768000000.0,14189000000.0,57711000000.0,15227000000.0,14151000000.0,13410000000.0,51630000000.0,6635000000.0,6954000000.0,5749000000.0,21966000000.0,1730000000.0,2396000000.0,3226000000.0,7969000000.0,5918000000.0,4156000000.0,5583000000.0,18674000000.0,7240000000.0,6512000000.0,9080000000.0,30953000000.0,4289000000.0,4632000000.0,4721000000.0,20056000000.0,-258000000.0,-1640000000.0,-372000000.0,-28883000000.0,3592000000.0,6307000000.0,9606000000.0,31234000000.0,8556000000.0,24933000000.0,25422000000.0,77753000000.0,16803000000.0,11656000000.0,13699000000.0,52783000000.0
129,IncreaseDecreaseInOtherCurrentAssetsAndLiabilitiesNet,CF,,,,,,-1078000000.0,-2154000000.0,,-5792000000.0,-3408000000.0,-3119000000.0,,-2321000000.0,2962000000.0,2676000000.0,,-2452000000.0,-3000000.0,460000000.0,,509000000.0,1533000000.0,1037000000.0,,399000000.0,1725000000.0,2386000000.0,,-793000000.0,228000000.0,547000000.0,,-351000000.0,982000000.0,25000000.0,,-2257000000.0,-1014000000.0,-2564000000.0,,942000000.0,2402000000.0,1539000000.0,,-1953000000.0,-1573000000.0,-2232000000.0,,-1086000000.0,1661000000.0,-6000000.0,,302000000.0,3885000000.0,2064000000.0,
130,LiabilitiesOfAssetsHeldForSale,BS,,,,,,,,,8916000000.0,,,,,,,,,,,,,,,,,,,,,,,,,,,,,,,,,,,,,,,,,,,,,,,
131,OtherComprehensiveIncomeLossNetOfTaxPeriodIncreaseDecrease,CI,,,,,,,,,1125000000.0,-1536000000.0,,,,,,,,,,,,,,,,,,,,,,,,,,,,,,,,,,,,,,,,,,,,,,
132,AssetsHeldForSaleAtCarryingValue,BS,,,,,,,,,11429000000.0,,,,,,,,,,,,,,,,,,,,,,,,,,,,,,,,,,,,,,,,,,,,,,,
133,AccumulatedOtherComprehensiveIncomeLossNetOfTax,BS,,,,,,,,,-7998000000.0,-10659000000.0,-9113000000.0,-12184000000.0,-12767000000.0,-14381000000.0,-13051000000.0,-10725000000.0,-11040000000.0,-9311000000.0,-12196000000.0,-18957000000.0,-22595000000.0,-21493000000.0,-24336000000.0,-23511000000.0,-20384000000.0,-20744000000.0,-20466000000.0,-22239000000.0,-20679000000.0,-18902000000.0,-16651000000.0,-16262000000.0,-16992000000.0,-18609000000.0,-18370000000.0,-19564000000.0,-18782000000.0,-18205000000.0,-19277000000.0,-19493000000.0,-24339000000.0,-21617000000.0,-20189000000.0,-16705000000.0,-16090000000.0,-15586000000.0,-16696000000.0,-13764000000.0,-12914000000.0,-15017000000.0,-17803000000.0,-13270000000.0,-13095000000.0,-12657000000.0,-13088000000.0,-11989000000.0
134,OtherComprehensiveIncomeLossNetOfTaxPeriodIncreaseDecrease,EQ,,,,,,,,,1125000000.0,-1536000000.0,,,,,,,,,,,,,,,,,,,,,,,,,,,,,,,,,,,,,,,,,,,,,,
135,OtherComprehensiveIncomeLossPensionAndOtherPostretirementBenefitPlansAdjustmentNetOfTax,CI,,,,,,,,,,,-1805000000.0,-2099000000.0,-427000000.0,-865000000.0,52000000.0,-2963000000.0,93000000.0,168000000.0,-176000000.0,4132000000.0,-796000000.0,-620000000.0,-1036000000.0,-2202000000.0,116000000.0,6000000.0,-23000000.0,-552000000.0,29000000.0,172000000.0,145000000.0,219000000.0,434000000.0,-43000000.0,3000000.0,-280000000.0,26000000.0,34000000.0,-103000000.0,2092000000.0,-87000000.0,136000000.0,140000000.0,-30000000.0,-168000000.0,47000000.0,-184000000.0,-3118000000.0,-105000000.0,-155000000.0,-108000000.0,-3395000000.0,-19000000.0,-17000000.0,-11000000.0,369000000.0
136,OtherComprehensiveIncomeLossNetOfTax,EQ,,,,,,,,,,,10000000.0,-3061000000.0,-583000000.0,-2197000000.0,-867000000.0,1459000000.0,-315000000.0,1414000000.0,-1471000000.0,-8232000000.0,-3638000000.0,-2536000000.0,-3162000000.0,-5451000000.0,3510000000.0,-325000000.0,205000000.0,1405000000.0,1639000000.0,2032000000.0,2508000000.0,6532000000.0,-833000000.0,-1750000000.0,344000000.0,-3670000000.0,908000000.0,707000000.0,-1135000000.0,225000000.0,-5358000000.0,2942000000.0,1549000000.0,2856000000.0,695000000.0,591000000.0,-1245000000.0,3169000000.0,939000000.0,-2280000000.0,-3125000000.0,316000000.0,198000000.0,538000000.0,-367000000.0,1542000000.0
137,OtherComprehensiveIncomeLossForeignCurrencyTransactionAndTranslationReclassificationAdjustmentRealizedUponSaleOrLiquidationNetOfTax,CI,,,,,,,,,,,-2603000000.0,-2600000000.0,,,,,,,,,,,,,,,,,,,,,,,,,,,,,,,,,,,,,,,,,,,,
138,OtherComprehensiveIncomeLossNetOfTax,CI,,,,,,,,,,,10000000.0,-3061000000.0,-583000000.0,-2197000000.0,-867000000.0,1459000000.0,-315000000.0,1414000000.0,-1471000000.0,-8232000000.0,-3638000000.0,-2536000000.0,-3162000000.0,-5451000000.0,3510000000.0,-325000000.0,205000000.0,1405000000.0,1639000000.0,2032000000.0,2508000000.0,6532000000.0,-833000000.0,-1750000000.0,344000000.0,-3670000000.0,908000000.0,707000000.0,-1135000000.0,225000000.0,-5358000000.0,2942000000.0,1549000000.0,2856000000.0,695000000.0,591000000.0,-1245000000.0,3169000000.0,939000000.0,-2280000000.0,-3125000000.0,316000000.0,198000000.0,538000000.0,-367000000.0,1542000000.0
139,DueToRelatedPartiesNoncurrent,BS,,,,,,,,,,,,3555000000.0,3748000000.0,4045000000.0,4636000000.0,4742000000.0,4877000000.0,5041000000.0,5132000000.0,5325000000.0,5519000000.0,5487000000.0,5524000000.0,5417000000.0,5457000000.0,5320000000.0,5340000000.0,5124000000.0,5175000000.0,4954000000.0,5003000000.0,4774000000.0,4818000000.0,4575000000.0,4625000000.0,4382000000.0,4430000000.0,4181000000.0,4232000000.0,3988000000.0,4024000000.0,3831000000.0,3486000000.0,3253000000.0,3279000000.0,3038000000.0,3060000000.0,2857000000.0,2875000000.0,2617000000.0,2647000000.0,2338000000.0,2376000000.0,,,
140,CommonStockSharesIssued,EQ,,,,,,,,,,,,,,8019000000.0,8019000000.0,,8019000000.0,8019000000.0,8019000000.0,8019000000.0,8019000000.0,8019000000.0,8019000000.0,8019000000.0,8019000000.0,8019000000.0,8019000000.0,8019000000.0,8019000000.0,8019000000.0,8019000000.0,8019000000.0,8019000000.0,8019000000.0,8019000000.0,8019000000.0,8019000000.0,8019000000.0,8019000000.0,8019000000.0,8019000000.0,8019000000.0,8019000000.0,8019000000.0,8019000000.0,8019000000.0,8019000000.0,8019000000.0,8019000000.0,8019000000.0,8019000000.0,8019000000.0,8019000000.0,8019000000.0,8019000000.0,8019000000.0
141,TreasuryStockShares,EQ,,,,,,,,,,,,,,3617000000.0,3650000000.0,3684000000.0,3725000000.0,3754000000.0,3784000000.0,3818000000.0,3838000000.0,3850000000.0,3856000000.0,3863000000.0,3872000000.0,3872000000.0,3872000000.0,3871000000.0,3782000000.0,3782000000.0,3782000000.0,3780000000.0,3785000000.0,3785000000.0,3785000000.0,3782000000.0,3788000000.0,3788000000.0,3788000000.0,3785000000.0,3791000000.0,3791000000.0,3791000000.0,3786000000.0,3785000000.0,3785000000.0,3785000000.0,3780000000.0,3806000000.0,3851000000.0,3901000000.0,,,,,
142,DividendsCommonStockIncNoncontrollingInt,EQ,,,,,,,,,,,,,,5540000000.0,8350000000.0,11179000000.0,2790000000.0,5829000000.0,8816000000.0,11816000000.0,2950000000.0,6064000000.0,9163000000.0,12260000000.0,3096000000.0,6272000000.0,9442000000.0,12615000000.0,3178000000.0,6514000000.0,9851000000.0,13185000000.0,3334000000.0,6928000000.0,10488000000.0,14041000000.0,3548000000.0,3772000000.0,3773000000.0,14844000000.0,3764000000.0,3763000000.0,3760000000.0,15053000000.0,3772000000.0,3781000000.0,3774000000.0,15148000000.0,3820000000.0,3790000000.0,3753000000.0,15206000000.0,3853000000.0,3879000000.0,3881000000.0,15472000000.0
143,TreasuryStockIncludingNonControllingInterests,EQ,,,,,,,,,,,,,,9653000000.0,12697000000.0,15999000000.0,3860000000.0,6863000000.0,9865000000.0,13183000000.0,1781000000.0,2784000000.0,3285000000.0,4039000000.0,726000000.0,727000000.0,727000000.0,977000000.0,582000000.0,624000000.0,686000000.0,978000000.0,486000000.0,697000000.0,796000000.0,1086000000.0,504000000.0,83000000.0,79000000.0,925000000.0,368000000.0,368000000.0,368000000.0,473000000.0,1000000.0,293000000.0,75000000.0,706000000.0,2175000000.0,4647000000.0,4845000000.0,16774000000.0,4385000000.0,4383000000.0,4758000000.0,18844000000.0
144,ProceedsFromSalesOfBusinessAffiliateAndProductiveAssets,CF,,,,,,,,,,,,,,,871000000.0,2707000000.0,1111000000.0,3667000000.0,3794000000.0,4035000000.0,484000000.0,1113000000.0,1604000000.0,2389000000.0,177000000.0,1206000000.0,2182000000.0,4275000000.0,687000000.0,841000000.0,1695000000.0,3103000000.0,1441000000.0,1748000000.0,3239000000.0,4123000000.0,107000000.0,140000000.0,600000000.0,3692000000.0,86000000.0,129000000.0,229000000.0,999000000.0,307000000.0,557000000.0,575000000.0,3176000000.0,293000000.0,1232000000.0,3914000000.0,5247000000.0,854000000.0,2141000000.0,3058000000.0,4078000000.0
145,NetCashProvidedByUsedInFinancingActivitiesContinuingOperations,CF,,,,,,,,,,,,,,,-11298000000.0,-15476000000.0,-7816000000.0,-13412000000.0,-19085000000.0,-17888000000.0,-854000000.0,-4048000000.0,-7450000000.0,-7037000000.0,524000000.0,-1251000000.0,-2547000000.0,-9293000000.0,-3246000000.0,-8305000000.0,,,,,,,,,,,,,,,,,,,,,,,,,,
146,NetCashProvidedByUsedInOperatingActivitiesContinuingOperations,CF,,,,,,,,,,,,,,,34706000000.0,44914000000.0,15103000000.0,25305000000.0,37701000000.0,45116000000.0,7998000000.0,16790000000.0,25964000000.0,30344000000.0,4812000000.0,9331000000.0,14686000000.0,22082000000.0,8173000000.0,15120000000.0,,,,,,,,,,,,,,,,,,,,,,,,,,
147,NetCashProvidedByUsedInInvestingActivitiesContinuingOperations,CF,,,,,,,,,,,,,,,-27489000000.0,-34201000000.0,-6306000000.0,-10483000000.0,-18128000000.0,-26975000000.0,-6352000000.0,-12843000000.0,-18500000000.0,-23824000000.0,-4349000000.0,-7496000000.0,-10731000000.0,-12403000000.0,-3761000000.0,-6639000000.0,,,,,,,,,,,,,,,,,,,,,,,,,,
148,OtherComprehensiveIncomeLossForeignCurrencyTransactionAndTranslationReclassificationAdjustmentFromAOCIRealizedUponSaleOrLiquidationNetOfTax,CI,,,,,,,,,,,,,,,,23000000.0,-82000000.0,-163000000.0,-163000000.0,-152000000.0,,,,14000000.0,,,,,,-140000000.0,-234000000.0,-234000000.0,-168000000.0,-18000000.0,-186000000.0,-196000000.0,,,,,,,-14000000.0,-14000000.0,,,0.0,2000000.0,,,,0.0,,,-549000000.0,-609000000.0
149,GainLossOnDispositionOfAssets1,CF,,,,,,,,,,,,,,,,1828000000.0,,,,3151000000.0,,,,226000000.0,,,,1682000000.0,,,,334000000.0,,,,1993000000.0,,,,1710000000.0,,,,-4000000.0,,,,1207000000.0,,,,1034000000.0,,,,513000000.0
150,OtherComprehensiveIncomeUnrealizedHoldingGainLossOnSecuritiesArisingDuringPeriodNetOfTax,CI,,,,,,,,,,,,,,,,,-54000000.0,-36000000.0,-57000000.0,-63000000.0,2000000.0,19000000.0,26000000.0,33000000.0,,,,,,,,,,,,,,,,,,,,,,,,,,,,,,,,
151,ProceedsFromRepaymentsOfShortTermDebtMaturingInMoreThanThreeMonths,CF,,,,,,,,,,,,,,,,,,-489000000.0,-514000000.0,,-157000000.0,-414000000.0,-475000000.0,,-28000000.0,-257000000.0,-286000000.0,,,,,,,,,,,,,,,,,,,,,,,,,,,,,
152,NoncashOrPartNoncashAcquisitionOtherAssetsAcquired1,CF,,,,,,,,,,,,,,,,,,,600000000.0,,,,,,,,,,,,,,,,,,,,,,,,,,,,,,,,,,,,,
153,OtherComprehensiveIncomeLossReclassificationAdjustmentFromAOCIForSaleOfSecuritiesNetOfTax,CI,,,,,,,,,,,,,,,,,,,,-3000000.0,-8000000.0,-12000000.0,-15000000.0,-27000000.0,,,,,,,,,,,,,,,,,,,,,,,,,,,,,,,,
154,CommonStockSharesOutstanding,EQ,,,,,,,,,,,,,,,,,,,,,,4169000000.0,4163000000.0,4156000000.0,4147000000.0,4147000000.0,4147000000.0,4148000000.0,4237000000.0,4237000000.0,4237000000.0,4239000000.0,4234000000.0,4234000000.0,4234000000.0,4237000000.0,4231000000.0,4231000000.0,4231000000.0,4234000000.0,4228000000.0,4228000000.0,4228000000.0,4233000000.0,4234000000.0,4234000000.0,4234000000.0,4239000000.0,4213000000.0,4168000000.0,4118000000.0,4082000000.0,4043000000.0,4003000000.0,3963000000.0,3971000000.0
155,TreasuryStockSharesAcquired,EQ,,,,,,,,,,,,,,,,,,,,,,32000000.0,38000000.0,48000000.0,9000000.0,9000000.0,9000000.0,12000000.0,,,,10000000.0,,,,8000000.0,,,,8000000.0,,,,8000000.0,,,,2000000.0,,,,165000000.0,39000000.0,40000000.0,40000000.0,165000000.0
156,OtherOperatingIncomeExpenseNet,IS,,,,,,,,,,,,,,,,,,,,,,,-118000000.0,,351000000.0,210000000.0,807000000.0,,487000000.0,526000000.0,278000000.0,,,,,,,,,,,,,,,,,,,,,,,,,
157,CapitalLeaseObligationsIncurred,CF,,,,,,,,,,,,,,,,,,,,,,,800000000.0,,,,,,,,,,,,,,,,,,,,,,,,,,,,,,,,,
158,StockIssuedDuringPeriodSharesTreasuryStockReissued,EQ,,,,,,,,,,,,,,,,,,,,,,,,3000000.0,,,,4000000.0,,,,5000000.0,,,,6000000.0,,,,5000000.0,,,,7000000.0,1000000.0,1000000.0,1000000.0,8000000.0,,,,8000000.0,,,,8000000.0
159,EnergyRelatedInventory,BS,,,,,,,,,,,,,,,,,,,,,,,,,,,,10877000000.0,10686000000.0,11135000000.0,12488000000.0,12871000000.0,13879000000.0,14373000000.0,14617000000.0,14803000000.0,13979000000.0,14379000000.0,13131000000.0,14010000000.0,12067000000.0,15028000000.0,13162000000.0,14169000000.0,13740000000.0,14711000000.0,15087000000.0,14519000000.0,18074000000.0,19580000000.0,20078000000.0,20434000000.0,19458000000.0,20006000000.0,20052000000.0,20528000000.0
160,Issuedforiocandpermianshares,EQ,,,,,,,,,,,,,,,,,,,,,,,,,,,,,96000000.0,96000000.0,96000000.0,,,,,,,,,,,,,,,,,,,,,,,,,
161,TreasurySharesAcquiredAndRestrictedStockForfeitures,EQ,,,,,,,,,,,,,,,,,,,,,,,,,,,,,7000000.0,7000000.0,7000000.0,,5000000.0,5000000.0,5000000.0,,6000000.0,6000000.0,6000000.0,,6000000.0,6000000.0,6000000.0,,,,,,26000000.0,45000000.0,50000000.0,,,,,
162,IssuedForIOCAndPermian,EQ,,,,,,,,,,,,,,,,,,,,,,,,,,,,,7789000000.0,7789000000.0,7789000000.0,,,,,,,,,,,,,,,,,,,,,,,,,
163,IssuedForIOCAndPermianShares,EQ,,,,,,,,,,,,,,,,,,,,,,,,,,,,,,,,96000000.0,,,,,,,,,,,,,,,,,,,,,,,,
164,Issuedforiocandpermian,EQ,,,,,,,,,,,,,,,,,,,,,,,,,,,,,,,,7789000000.0,,,,,,,,,,,,,,,,,,,,,,,,
165,Cumulativeeffectofaccountingchange,EQ,,,,,,,,,,,,,,,,,,,,,,,,,,,,,,,,,47000000.0,47000000.0,47000000.0,,,,,,,,,,,,,,,,,,,,,
166,Revenues,IS,,,,,,,,,,,,,,,,,,,,,,,,,,,,,,,,,65436000000.0,71456000000.0,74187000000.0,,61646000000.0,67491000000.0,65049000000.0,264938000000.0,56158000000.0,32605000000.0,46199000000.0,181502000000.0,59147000000.0,67742000000.0,73786000000.0,285640000000.0,90500000000.0,115681000000.0,112070000000.0,413680000000.0,86564000000.0,82914000000.0,90760000000.0,344582000000.0
167,NonServicePensionAndPostretirementExpense,IS,,,,,,,,,,,,,,,,,,,,,,,,,,,,,,,,,337000000.0,308000000.0,307000000.0,1285000000.0,358000000.0,313000000.0,,,,,,,,,,,,,,,,,,
168,CumulativeEffectOfAccountingChange,EQ,,,,,,,,,,,,,,,,,,,,,,,,,,,,,,,,,,,,47000000.0,,,,,-94000000.0,-94000000.0,-94000000.0,-94000000.0,,,,,,,,,,,,
169,InterestPaidCapitalized,CF,,,,,,,,,,,,,,,,,,,,,,,,,,,,,,,,,,,,,175000000.0,355000000.0,540000000.0,,155000000.0,335000000.0,516000000.0,,151000000.0,313000000.0,478000000.0,,187000000.0,388000000.0,605000000.0,,291000000.0,561000000.0,862000000.0,
170,InterestPaidNet,CF,,,,,,,,,,,,,,,,,,,,,,,,,,,,,,,,,,,,,247000000.0,277000000.0,515000000.0,,313000000.0,290000000.0,726000000.0,,405000000.0,466000000.0,818000000.0,,319000000.0,352000000.0,660000000.0,,256000000.0,295000000.0,578000000.0,
171,ProceedsFromRepaymentsOfOtherDebt,CF,,,,,,,,,,,,,,,,,,,,,,,,,,,,,,,,,,,,,,11126000000.0,6139000000.0,5654000000.0,5829000000.0,1033000000.0,139000000.0,-1334000000.0,1003000000.0,1320000000.0,997000000.0,-2983000000.0,1366000000.0,1303000000.0,1638000000.0,25000000.0,-192000000.0,-172000000.0,-283000000.0,-284000000.0
172,OtherOperatingActivitiesCashFlowStatement,CF,,,,,,,,,,,,,,,,,,,,,,,,,,,,,,,,,,,,,,-1728000000.0,-2319000000.0,,-78000000.0,-296000000.0,-929000000.0,,-489000000.0,-192000000.0,-692000000.0,,-931000000.0,-1246000000.0,-4328000000.0,,556000000.0,1127000000.0,1508000000.0,
173,CashCashEquivalentsRestrictedCashAndRestrictedCashEquivalentsPeriodIncreaseDecreaseIncludingExchangeRateEffect,CF,,,,,,,,,,,,,,,,,,,,,,,,,,,,,,,,,,,,,,1171000000.0,2309000000.0,47000000.0,8323000000.0,9487000000.0,5743000000.0,1275000000.0,-849000000.0,-899000000.0,404000000.0,2438000000.0,4272000000.0,12059000000.0,23662000000.0,22863000000.0,3011000000.0,-108000000.0,3308000000.0,1903000000.0
174,OtherIncome1,IS,,,,,,,,,,,,,,,,,,,,,,,,,,,,,,,,,,,,,,241000000.0,,,,,,,,,,,,,,,,,,
175,EffectOfExchangeRateOnCashCashEquivalentsRestrictedCashAndRestrictedCashEquivalents,CF,,,,,,,,,,,,,,,,,,,,,,,,,,,,,,,,,,,,,,,-73000000.0,33000000.0,-369000000.0,-401000000.0,-331000000.0,-219000000.0,27000000.0,65000000.0,-12000000.0,-33000000.0,142000000.0,-299000000.0,-950000000.0,-78000000.0,102000000.0,132000000.0,-77000000.0,105000000.0
176,RevenueFromContractWithCustomerExcludingAssessedTax,IS,,,,,,,,,,,,,,,,,,,,,,,,,,,,,,,,,,,,,,,63422000000.0,255583000000.0,55134000000.0,32277000000.0,45425000000.0,178574000000.0,57552000000.0,65943000000.0,71892000000.0,276692000000.0,87734000000.0,111265000000.0,106512000000.0,,,,,
177,OtherNonoperatingIncomeExpense,IS,,,,,,,,,,,,,,,,,,,,,,,,,,,,,,,,,,,,,,,431000000.0,3914000000.0,249000000.0,225000000.0,257000000.0,1196000000.0,122000000.0,363000000.0,224000000.0,2291000000.0,228000000.0,728000000.0,926000000.0,,,,,
178,NetPeriodicDefinedBenefitsExpenseReversalOfExpenseExcludingServiceCostComponent,IS,,,,,,,,,,,,,,,,,,,,,,,,,,,,,,,,,,,,,,,357000000.0,1235000000.0,269000000.0,271000000.0,272000000.0,1205000000.0,378000000.0,162000000.0,146000000.0,786000000.0,108000000.0,120000000.0,154000000.0,482000000.0,167000000.0,164000000.0,166000000.0,714000000.0
179,CashCashEquivalentsRestrictedCashAndRestrictedCashEquivalents,CF,,,,,,,,,,,,,,,,,,,,,,,,,,,,,,,,,,,,,,,5351000000.0,3089000000.0,11412000000.0,12576000000.0,8832000000.0,4364000000.0,3515000000.0,3465000000.0,4768000000.0,6802000000.0,11074000000.0,18861000000.0,30464000000.0,29665000000.0,32676000000.0,29557000000.0,32973000000.0,31568000000.0
180,PensionAndOtherPostretirementBenefitsExpenseReversalOfExpenseNoncash,CF,,,,,,,,,,,,,,,,,,,,,,,,,,,,,,,,,,,,,,,,109000000.0,,,,498000000.0,,,,754000000.0,,,,-2981000000.0,,,,90000000.0
181,DeferredIncomeTaxLiabilitiesNet,BS,,,,,,,,,,,,,,,,,,,,,,,,,,,,,,,,,,,,,,,,25620000000.0,24863000000.0,24725000000.0,24467000000.0,18165000000.0,18113000000.0,18511000000.0,19008000000.0,20165000000.0,19533000000.0,20807000000.0,21274000000.0,22874000000.0,23195000000.0,23460000000.0,23912000000.0,24452000000.0
182,BusinessCombinationContingentConsiderationArrangementsChangeInAmountOfContingentConsiderationLiability1,CF,,,,,,,,,,,,,,,,,,,,,,,,,,,,,,,,,,,,,,,,,,-21000000.0,-21000000.0,-21000000.0,,-28000000.0,-28000000.0,-30000000.0,,-58000000.0,-58000000.0,,,,,
183,ProceedsFromRepaymentsOfCommercialPaper,CF,,,,,,,,,,,,,,,,,,,,,,,,,,,,,,,,,,,,,,,,,,,6400000000.0,,,,,,,,,,,,,
184,ProceedsFromIssuanceOfCommercialPaper,CF,,,,,,,,,,,,,,,,,,,,,,,,,,,,,,,,,,,,,,,,,,,28800000000.0,,,,,,,,,,,,,
185,RepaymentsOfCommercialPaper,CF,,,,,,,,,,,,,,,,,,,,,,,,,,,,,,,,,,,,,,,,,,,22400000000.0,,,,,,,,,,,,,
186,ProceedsFromShortTermDebt,CF,,,,,,,,,,,,,,,,,,,,,,,,,,,,,,,,,,,,,,,,,,,,,5781000000.0,9662000000.0,12197000000.0,,0.0,0.0,0.0,,,,,
187,RightOfUseAssetObtainedInExchangeForOperatingLeaseLiability,CF,,,,,,,,,,,,,,,,,,,,,,,,,,,,,,,,,,,,,,,,,,,,,,,804000000.0,,240000000.0,1039000000.0,1648000000.0,,393000000.0,1036000000.0,1421000000.0,
188,RightOfUseAssetObtainedInExchangeForFinanceLeaseLiability,CF,,,,,,,,,,,,,,,,,,,,,,,,,,,,,,,,,,,,,,,,,,,,,,,168000000.0,,656000000.0,656000000.0,730000000.0,,438000000.0,438000000.0,438000000.0,
189,CapitalizedExploratoryWellCostChargedToExpense1,IS,,,,,,,,,,,,,,,,,,,,,,,,,,,,,,,,,,,,,,,,,,,,,,,,,,,74000000.0,,,,,
190,TreasuryStockCommonShares,BS,,,,,,,,,,,,,,,,,,,,,,,,,,,,,,,,,,,,,,,,,,,,,,,,,,,,3937000000.0,3976000000.0,4016000000.0,4056000000.0,4048000000.0
191,TreasuryStockCommonShares,EQ,,,,,,,,,,,,,,,,,,,,,,,,,,,,,,,,,,,,,,,,,,,,,,,,,,,,3937000000.0,3976000000.0,4016000000.0,4056000000.0,4048000000.0
192,PaymentForContingentConsiderationLiabilityFinancingActivities,CF,,,,,,,,,,,,,,,,,,,,,,,,,,,,,,,,,,,,,,,,,,,,,,,,,,,,58000000.0,,68000000.0,68000000.0,68000000.0
193,TreasuryStockCommonValue,BS,,,,,,,,,,,,,,,,,,,,,,,,,,,,,,,,,,,,,,,,,,,,,,,,,,,,240293000000.0,244676000000.0,249057000000.0,253512000000.0,254917000000.0
194,LongTermDebtAssumedBy3rdParty,CF,,,,,,,,,,,,,,,,,,,,,,,,,,,,,,,,,,,,,,,,,,,,,,,,,,,,,,,568000000.0,568000000.0
195,StockIssuedDuringPeriodValueAcquisitions,EQ,,,,,,,,,,,,,,,,,,,,,,,,,,,,,,,,,,,,,,,,,,,,,,,,,,,,,,,,4844000000.0
196,StockIssuedDuringPeriodSharesAcquisitions,EQ,,,,,,,,,,,,,,,,,,,,,,,,,,,,,,,,,,,,,,,,,,,,,,,,,,,,,,,,46000000.0
