,tag,stmt,31_01_2010,30_04_2010,31_07_2010,31_10_2010,31_01_2011,30_04_2011,31_07_2011,31_10_2011,31_01_2012,30_04_2012,31_07_2012,31_10_2012,31_01_2013,30_04_2013,31_07_2013,31_10_2013,31_01_2014,30_04_2014,31_07_2014,31_10_2014,31_01_2015,30_04_2015,31_07_2015,31_10_2015,31_01_2016,30_04_2016,31_07_2016,31_10_2016,31_01_2017,30_04_2017,31_07_2017,31_10_2017,31_01_2018,30_04_2018,31_07_2018,31_10_2018,31_01_2019,30_04_2019,31_07_2019,31_10_2019,31_01_2020,30_04_2020,31_07_2020,31_10_2020,31_01_2021,30_04_2021,31_07_2021,31_10_2021,31_01_2022,30_04_2022,31_07_2022,31_10_2022,31_01_2023,30_04_2023,31_07_2023,31_10_2023
0,OtherComprehensiveIncomeUnrealizedHoldingGainLossOnSecuritiesArisingDuringPeriodNetOfTax,EQ,9417000.0,,,,-918000.0,,,,755000.0,,,,-633000.0,,,,-5104000.0,,,,2967000.0,,,,-12000000.0,,,,,,,,,,,,,,,,,,,,,,,,,,,,,,,
1,MarketableSecuritiesCurrent,BS,1281006000.0,1317634000.0,1395497000.0,1536046000.0,1825202000.0,2042908000.0,1941882000.0,2181538000.0,2461700000.0,2761677000.0,2778482000.0,2909384000.0,2995097000.0,3151928000.0,2344572000.0,2470870000.0,3520223000.0,3838652000.0,3870962000.0,3846114000.0,4126685000.0,4328000000.0,4070000000.0,4257000000.0,4441000000.0,4207000000.0,4453000000.0,4731000000.0,5032000000.0,4217000000.0,3889000000.0,3518000000.0,3106000000.0,6535000000.0,7225000000.0,6870000000.0,6640000000.0,5030000000.0,1370000000.0,4000000.0,1000000.0,860000000.0,7707000000.0,7888000000.0,10714000000.0,11689000000.0,14026000000.0,18010000000.0,19218000000.0,16451000000.0,14024000000.0,10343000000.0,9907000000.0,10241000000.0,10240000000.0,12762000000.0
2,CapitalLeaseObligationsNoncurrent,BS,24450000.0,24098000.0,23734000.0,23359000.0,23389000.0,22957000.0,22493000.0,21949000.0,21439000.0,20830000.0,20237000.0,19627000.0,18998000.0,18333000.0,17685000.0,17015000.0,17500000.0,16683000.0,15842000.0,14977000.0,14086000.0,13000000.0,12000000.0,11000000.0,10000000.0,9000000.0,8000000.0,7000000.0,6000000.0,4000000.0,3000000.0,1000000.0,,,,,,,,,,,,,,,,,,,,,,,,
3,DepreciationAndAmortization,CF,196664000.0,47147000.0,46573000.0,46786000.0,186989000.0,47764000.0,52160000.0,52387000.0,204205000.0,54491000.0,56195000.0,57148000.0,226235000.0,59744000.0,61840000.0,62726000.0,239148000.0,55083000.0,55607000.0,55480000.0,220125000.0,54000000.0,49000000.0,48000000.0,197000000.0,45000000.0,47000000.0,48000000.0,187000000.0,47000000.0,49000000.0,50000000.0,199000000.0,57000000.0,58000000.0,68000000.0,262000000.0,91000000.0,92000000.0,92000000.0,381000000.0,107000000.0,511000000.0,810000000.0,1098000000.0,281000000.0,567000000.0,,,,,,,,,
4,IncreaseDecreaseInInventories,CF,204656000.0,-56816000.0,-102778000.0,-46746000.0,-14128000.0,-35183000.0,-2169000.0,39748000.0,-18884000.0,-2191000.0,-46834000.0,-88378000.0,78949000.0,41510000.0,34722000.0,32178000.0,-24651000.0,5679000.0,-508000.0,19875000.0,94984000.0,-45000000.0,-42000000.0,-59000000.0,-66000000.0,-23000000.0,104000000.0,261000000.0,375000000.0,27000000.0,61000000.0,61000000.0,0.0,2000000.0,295000000.0,620000000.0,776000000.0,-153000000.0,-378000000.0,-531000000.0,-597000000.0,151000000.0,97000000.0,190000000.0,524000000.0,159000000.0,282000000.0,400000000.0,774000000.0,560000000.0,1285000000.0,1848000000.0,2554000000.0,-566000000.0,-861000000.0,-405000000.0
5,Assets,BS,3585918000.0,3803030000.0,3731268000.0,3915579000.0,4495246000.0,4736744000.0,4864424000.0,5089043000.0,5552928000.0,5708167000.0,5891881000.0,6075144000.0,6412245000.0,6279527000.0,5569592000.0,5711373000.0,7250894000.0,6864663000.0,6933719000.0,6885869000.0,7201368000.0,7291000000.0,6979000000.0,7174000000.0,7370000000.0,7108000000.0,7461000000.0,9612000000.0,9841000000.0,9410000000.0,9402000000.0,9830000000.0,11241000000.0,11460000000.0,12882000000.0,13657000000.0,13292000000.0,14021000000.0,14775000000.0,15810000000.0,17315000000.0,23254000000.0,25180000000.0,26881000000.0,28791000000.0,30796000000.0,38650000000.0,40632000000.0,44187000000.0,45212000000.0,43476000000.0,40488000000.0,41182000000.0,44460000000.0,49555000000.0,54148000000.0
6,PrepaidExpensesAndOtherCurrentAssets,BS,38214000.0,35530000.0,44549000.0,34416000.0,32636000.0,36600000.0,34925000.0,,,,,,,,,,,,,,,,,,,,,,,,,,,,,,,,,,,,,,,,,,,,,,,,,
7,AdjustmentsNoncashItemsToReconcileNetIncomeLossToCashProvidedByUsedInOperatingActivitiesOther,CF,1893000.0,2493000.0,5890000.0,5382000.0,887000.0,2195000.0,10696000.0,,,,,,,,,,,,,,,,,,,,,,,,,,,,,,,,,,,,,,,,,,,,,,,,,
8,RestructuringChargesAndOther,IS,0.0,,,,0.0,,,,,,,,,,,,,,,,,,,,,,,,,,,,,,,,,,,,,,,,,,,,,,,,,,,
9,Revenues,IS,3326445000.0,1001813000.0,811208000.0,843912000.0,886376000.0,962039000.0,1016517000.0,1066180000.0,953194000.0,924877000.0,1044270000.0,1204110000.0,1106902000.0,954739000.0,977238000.0,1053967000.0,1144218000.0,1102787000.0,1102824000.0,1225382000.0,1250514000.0,1151000000.0,1153000000.0,1305000000.0,1401000000.0,1305000000.0,1428000000.0,2004000000.0,2173000000.0,1937000000.0,2230000000.0,2636000000.0,2911000000.0,3207000000.0,3123000000.0,3181000000.0,,2220000000.0,2579000000.0,3014000000.0,,3080000000.0,3866000000.0,4726000000.0,,5661000000.0,6507000000.0,7103000000.0,26914000000.0,8288000000.0,6704000000.0,5931000000.0,26974000000.0,7192000000.0,13507000000.0,18120000000.0
10,TreasuryStockValue,BS,1463268000.0,1473655000.0,1473656000.0,1479392000.0,1479392000.0,1487079000.0,1487093000.0,1496904000.0,1496904000.0,1509088000.0,1509087000.0,1522709000.0,1622709000.0,1737025000.0,2269766000.0,2499990000.0,2537295000.0,2926789000.0,3058149000.0,3390985000.0,3394585000.0,3476000000.0,3765000000.0,3912000000.0,4048000000.0,4508000000.0,4608000000.0,4783000000.0,5039000000.0,5297000000.0,6070000000.0,6614000000.0,6650000000.0,7755000000.0,7821000000.0,8489000000.0,9263000000.0,9474000000.0,9524000000.0,9726000000.0,9814000000.0,10036000000.0,10232000000.0,10530000000.0,10756000000.0,11242000000.0,11604000000.0,12038000000.0,0.0,,,,,,,
11,IncreaseDecreaseInAccountsReceivable,CF,-56741000.0,-155011000.0,-21193000.0,-24567000.0,26341000.0,5820000.0,-57511000.0,-8834000.0,-26236000.0,-75369000.0,-109218000.0,-109008000.0,118940000.0,108476000.0,37271000.0,7806000.0,-28852000.0,-28077000.0,45747000.0,138729000.0,49324000.0,-18000000.0,41000000.0,63000000.0,32000000.0,17000000.0,138000000.0,328000000.0,321000000.0,150000000.0,387000000.0,342000000.0,440000000.0,-56000000.0,386000000.0,943000000.0,149000000.0,-182000000.0,137000000.0,32000000.0,233000000.0,249000000.0,205000000.0,667000000.0,550000000.0,595000000.0,1157000000.0,1523000000.0,2215000000.0,788000000.0,668000000.0,258000000.0,-822000000.0,252000000.0,3239000000.0,4482000000.0
12,CashAndCashEquivalentsAtCarryingValue,CF,447221000.0,447262000.0,377003000.0,451174000.0,665361000.0,683633000.0,532614000.0,566816000.0,667876000.0,369135000.0,499618000.0,525388000.0,732786000.0,561423000.0,591321000.0,562084000.0,1151587000.0,509165000.0,515092000.0,394683000.0,496654000.0,464000000.0,435000000.0,471000000.0,596000000.0,547000000.0,426000000.0,1940000000.0,1766000000.0,1989000000.0,1988000000.0,2802000000.0,4002000000.0,765000000.0,718000000.0,721000000.0,782000000.0,,,,,,,,,,,,,,,,,,5783000000.0,
13,ShareBasedCompensation,CF,107091000.0,25177000.0,49808000.0,74985000.0,100353000.0,31739000.0,67688000.0,100918000.0,136354000.0,35569000.0,32255000.0,33069000.0,136662000.0,33397000.0,32395000.0,34299000.0,136295000.0,35521000.0,38415000.0,41435000.0,157841000.0,45000000.0,47000000.0,51000000.0,204000000.0,53000000.0,58000000.0,65000000.0,247000000.0,76000000.0,81000000.0,107000000.0,391000000.0,129000000.0,132000000.0,140000000.0,557000000.0,178000000.0,224000000.0,223000000.0,844000000.0,224000000.0,374000000.0,383000000.0,1397000000.0,429000000.0,465000000.0,559000000.0,2004000000.0,578000000.0,1226000000.0,1971000000.0,2709000000.0,,1576000000.0,2555000000.0
14,OperatingExpenses,IS,1275868000.0,308984000.0,309499000.0,288279000.0,1153343000.0,329641000.0,351254000.0,359627000.0,1408218000.0,390538000.0,401096000.0,384441000.0,1578104000.0,435787000.0,440004000.0,443427000.0,1771536000.0,452843000.0,455795000.0,463383000.0,1840488000.0,477000000.0,558000000.0,489000000.0,2064000000.0,506000000.0,509000000.0,544000000.0,2129000000.0,596000000.0,614000000.0,674000000.0,2612000000.0,773000000.0,818000000.0,863000000.0,3367000000.0,938000000.0,970000000.0,989000000.0,3922000000.0,1028000000.0,1624000000.0,1562000000.0,5864000000.0,1673000000.0,1771000000.0,1960000000.0,7434000000.0,3563000000.0,2416000000.0,2576000000.0,11132000000.0,2508000000.0,2662000000.0,2983000000.0
15,CommonStockSharesAuthorized,BS,2000000000.0,,,,2000000000.0,,,,2000000000.0,,,,2000000000.0,,,,2000000000.0,,,,2000000000.0,,,,2000000000.0,,,,2000000000.0,,,,2000000000.0,,,,2000000000.0,,,,2000000000.0,,,,2000000000.0,,,,4000000000.0,,,,8000000000.0,,,
16,NetIncomeLoss,IS,-67987000.0,137594000.0,-140961000.0,84862000.0,171651000.0,135219000.0,151573000.0,178273000.0,116025000.0,60437000.0,119046000.0,209080000.0,173973000.0,77891000.0,96448000.0,118734000.0,146917000.0,136516000.0,127976000.0,172967000.0,193128000.0,134000000.0,26000000.0,246000000.0,207000000.0,196000000.0,253000000.0,542000000.0,655000000.0,507000000.0,583000000.0,838000000.0,1118000000.0,1244000000.0,1101000000.0,1230000000.0,567000000.0,394000000.0,552000000.0,899000000.0,950000000.0,917000000.0,622000000.0,1336000000.0,4332000000.0,1912000000.0,2374000000.0,2464000000.0,9752000000.0,1618000000.0,656000000.0,680000000.0,4368000000.0,2043000000.0,6188000000.0,9243000000.0
17,SellingGeneralAndAdministrativeExpense,IS,367017000.0,90879000.0,98864000.0,83752000.0,361513000.0,98117000.0,103533000.0,103129000.0,405613000.0,106636000.0,119903000.0,100261000.0,430822000.0,108626000.0,108266000.0,103133000.0,435702000.0,118580000.0,118671000.0,123298000.0,480763000.0,138000000.0,149000000.0,152000000.0,602000000.0,159000000.0,157000000.0,171000000.0,663000000.0,185000000.0,198000000.0,212000000.0,815000000.0,231000000.0,237000000.0,258000000.0,991000000.0,264000000.0,266000000.0,277000000.0,1093000000.0,293000000.0,627000000.0,515000000.0,1940000000.0,520000000.0,526000000.0,557000000.0,2166000000.0,592000000.0,592000000.0,631000000.0,2440000000.0,633000000.0,622000000.0,689000000.0
18,PaymentsToAcquireMarketableSecurities,CF,1193948000.0,226963000.0,755626000.0,1193323000.0,1719700000.0,427874000.0,711674000.0,1324350000.0,1964898000.0,814222000.0,1247664000.0,1729307000.0,2378445000.0,541950000.0,936214000.0,1420471000.0,3065404000.0,1001073000.0,1682854000.0,2126079000.0,2861809000.0,1267000000.0,1861000000.0,2669000000.0,3477000000.0,469000000.0,1415000000.0,2249000000.0,3134000000.0,36000000.0,36000000.0,36000000.0,36000000.0,3705000000.0,,,,,,,,,,,,,,,,,,,,,,
19,PreferredStockValueOutstanding,BS,0.0,0.0,0.0,0.0,0.0,0.0,0.0,0.0,0.0,0.0,0.0,0.0,0.0,0.0,0.0,0.0,0.0,0.0,0.0,0.0,0.0,0.0,0.0,0.0,0.0,0.0,0.0,0.0,0.0,0.0,0.0,0.0,0.0,0.0,0.0,0.0,0.0,0.0,0.0,0.0,0.0,0.0,0.0,0.0,0.0,0.0,0.0,0.0,0.0,0.0,0.0,0.0,0.0,0.0,0.0,0.0
20,StockholdersEquity,EQ,2665140000.0,,,,3181462000.0,,,,4145724000.0,,,,4827703000.0,,,,4456398000.0,,,,4417982000.0,,,,4469000000.0,,,,5762000000.0,,,,7471000000.0,,,,9342000000.0,9704000000.0,10336000000.0,11214000000.0,12204000000.0,13099000000.0,13914000000.0,15334000000.0,16893000000.0,18774000000.0,21147000000.0,23798000000.0,26612000000.0,26320000000.0,23851000000.0,21349000000.0,22101000000.0,24520000000.0,27501000000.0,33265000000.0
21,PreferredStockParOrStatedValuePerShare,BS,0.001,,,,0.001,,,,0.01,,,,0.001,,,,0.001,,,,0.001,,,,0.001,,,,0.001,,,,0.001,,,,0.001,,,,0.001,,,,0.001,,,,0.001,,,,0.001,,,
22,ResearchAndDevelopmentInProcess,CF,0.0,,,,,,,,,,,,,,,,,,,,,,,,,,,,,,,,,,,,,,,,,,,,,,,,,,,,,,,
23,PaymentsRelatedToStockOptionPurchase,CF,-78075000.0,0.0,0.0,0.0,0.0,,,,0.0,,,,,,,,,,,,,,,,,,,,,,,,,,,,,,,,,,,,,,,,,,,,,,,
24,PropertyPlantAndEquipmentNet,BS,571858000.0,548916000.0,542216000.0,585672000.0,568857000.0,553366000.0,550896000.0,551757000.0,560072000.0,553541000.0,574056000.0,566540000.0,576144000.0,588023000.0,578948000.0,595418000.0,582740000.0,570802000.0,556911000.0,566601000.0,557282000.0,547000000.0,497000000.0,477000000.0,466000000.0,479000000.0,485000000.0,503000000.0,521000000.0,539000000.0,578000000.0,600000000.0,997000000.0,1066000000.0,1162000000.0,1292000000.0,1404000000.0,1473000000.0,1484000000.0,1517000000.0,1674000000.0,1715000000.0,1964000000.0,2059000000.0,2149000000.0,2268000000.0,2364000000.0,2509000000.0,2778000000.0,2916000000.0,3233000000.0,3774000000.0,3807000000.0,3740000000.0,3799000000.0,3844000000.0
25,CashAndCashEquivalentsPeriodIncreaseDecrease,CF,29533000.0,41000.0,-70218000.0,3953000.0,218140000.0,18272000.0,-132747000.0,-98545000.0,2515000.0,-298741000.0,-168258000.0,-142488000.0,64910000.0,-171363000.0,781800000.0,-170702000.0,418801000.0,-642422000.0,-636495000.0,-756904000.0,-654933000.0,-33000000.0,-62000000.0,-26000000.0,99000000.0,-49000000.0,-170000000.0,1344000000.0,1170000000.0,223000000.0,222000000.0,1036000000.0,2236000000.0,-3237000000.0,-3284000000.0,-3281000000.0,-3220000000.0,,,,,,,,,,,,,,,,,,,
26,DepositsAndOtherAssets,BS,42928000.0,41867000.0,44367000.0,39719000.0,40850000.0,38010000.0,44322000.0,46323000.0,,,,,,,,,,,,,,,,,,,,,,,,,,,,,,,,,,,,,,,,,,,,,,,,
27,PaymentsUnderPatentLicensingArrangement,CF,-857000.0,-519000.0,,,685000.0,,,,,,,,,,,,,,,,,,,,,,,,,,,,,,,,,,,,,,,,,,,,,,,,,,,
28,OtherLiabilitiesNoncurrent,BS,111950000.0,152994000.0,127881000.0,177851000.0,347713000.0,284813000.0,192163000.0,206960000.0,455807000.0,452505000.0,396019000.0,341312000.0,589321000.0,510681000.0,443943000.0,387784000.0,475125000.0,419774000.0,374113000.0,355133000.0,488928000.0,448000000.0,447000000.0,437000000.0,453000000.0,447000000.0,494000000.0,213000000.0,271000000.0,300000000.0,408000000.0,464000000.0,632000000.0,651000000.0,638000000.0,587000000.0,633000000.0,660000000.0,650000000.0,662000000.0,775000000.0,774000000.0,1285000000.0,1311000000.0,1375000000.0,1414000000.0,1396000000.0,1535000000.0,1553000000.0,1631000000.0,1609000000.0,1785000000.0,1913000000.0,2037000000.0,2223000000.0,2234000000.0
29,PreferredStockSharesAuthorized,BS,2000000.0,,,,2000000.0,,,,2000000.0,,,,2000000.0,,,,2000000.0,,,,2000000.0,,,,2000000.0,,,,2000000.0,,,,2000000.0,,,,2000000.0,,,,2000000.0,,,,2000000.0,,,,2000000.0,,,,2000000.0,,,
30,IncomeTaxesPaidNet,CF,4217000.0,1089000.0,1605000.0,2522000.0,-1071000.0,1404000.0,2854000.0,3857000.0,58328000.0,2010000.0,,,38608000.0,2286000.0,5083000.0,8454000.0,14615000.0,2410000.0,6766000.0,,14470000.0,,,,14000000.0,,,,14000000.0,,,,22000000.0,,,,61000000.0,,,,176000000.0,,,,249000000.0,,,,396000000.0,,1108000000.0,1372000000.0,1404000000.0,,328000000.0,4676000000.0
31,ProceedsFromIssuanceOfCommonStock,CF,138029000.0,63062000.0,77852000.0,104131000.0,177276000.0,85286000.0,124785000.0,176490000.0,,37361000.0,42678000.0,62781000.0,,22996000.0,31303000.0,64749000.0,,80232000.0,98220000.0,129691000.0,,50000000.0,64000000.0,99000000.0,,20000000.0,40000000.0,,,,,,,,,,,,,,,,,,,,,,,,,,,,,
32,IncreaseDecreaseInAccountsPayable,CF,119366000.0,16822000.0,-67486000.0,-21868000.0,-69786000.0,53740000.0,-8366000.0,9218000.0,35708000.0,33516000.0,65646000.0,49099000.0,10885000.0,-53101000.0,-36452000.0,-38376000.0,-20382000.0,-14880000.0,-63648000.0,9827000.0,-26895000.0,-67000000.0,-13000000.0,7000000.0,-11000000.0,32000000.0,131000000.0,218000000.0,184000000.0,-133000000.0,-63000000.0,27000000.0,90000000.0,22000000.0,172000000.0,224000000.0,-135000000.0,-123000000.0,-45000000.0,91000000.0,194000000.0,71000000.0,63000000.0,289000000.0,363000000.0,70000000.0,279000000.0,474000000.0,568000000.0,255000000.0,559000000.0,-358000000.0,-551000000.0,11000000.0,789000000.0,1250000000.0
33,AdditionalPaidInCapital,BS,2219401000.0,2288989000.0,2329456000.0,2386257000.0,2500577000.0,2638531000.0,2725317000.0,2846266000.0,2900896000.0,2994507000.0,3040979000.0,3114995000.0,3193623000.0,3273230000.0,3104501000.0,3407889000.0,3483342000.0,3492140000.0,3682742000.0,3783099000.0,3855092000.0,3986000000.0,3938000000.0,4170000000.0,4170000000.0,4218000000.0,4408000000.0,4581000000.0,4708000000.0,4936000000.0,5048000000.0,5219000000.0,5351000000.0,5546000000.0,5681000000.0,5891000000.0,6051000000.0,6317000000.0,6543000000.0,6824000000.0,7045000000.0,7354000000.0,7828000000.0,8301000000.0,8721000000.0,9280000000.0,9745000000.0,10465000000.0,10385000000.0,10623000000.0,10968000000.0,11565000000.0,11971000000.0,12453000000.0,12629000000.0,12991000000.0
34,PurchasesOfPropertyAndEquipmentAndIntangibleAssets,CF,-77601000.0,-17080000.0,-54724000.0,76547000.0,97890000.0,31195000.0,54518000.0,93553000.0,,,,,183309000.0,,,,255186000.0,,,,122381000.0,,,,86000000.0,,,,176000000.0,,,,593000000.0,,,,600000000.0,,,,489000000.0,,,,1128000000.0,,,,976000000.0,361000000.0,794000000.0,1324000000.0,1833000000.0,248000000.0,537000000.0,
35,WeightedAverageNumberOfSharesOutstandingBasic,IS,549574.0,567183.0,572764.0,577323.0,575177.0,594802.0,601340.0,607063000.0,603646000.0,615780000.0,618996000.0,622352000.0,619324000.0,616872000.0,585345000.0,580870000.0,587893000.0,559092000.0,558223000.0,547789000.0,552319000.0,549000000.0,541000000.0,542000000.0,543000000.0,537000000.0,534000000.0,538000000.0,541000000.0,592000000.0,597000000.0,603000000.0,599000000.0,606000000.0,607000000.0,609000000.0,608000000.0,607000000.0,609000000.0,610000000.0,609000000.0,614000000.0,616000000.0,618000000.0,617000000.0,621000000.0,2493000000.0,2499000000.0,2496000000.0,2506000000.0,2495000000.0,2483000000.0,2487000000.0,2470000000.0,2473000000.0,2468000000.0
36,CostOfRevenue,IS,2149522000.0,545436000.0,676916000.0,451850000.0,460017000.0,477536000.0,491233000.0,509463000.0,463181000.0,461513000.0,503551000.0,567452000.0,521300000.0,436171000.0,431700000.0,469552000.0,524976000.0,498585000.0,483850000.0,548684000.0,550911000.0,498000000.0,519000000.0,571000000.0,610000000.0,554000000.0,602000000.0,821000000.0,870000000.0,787000000.0,928000000.0,1067000000.0,1110000000.0,1139000000.0,1148000000.0,1260000000.0,,924000000.0,1038000000.0,1098000000.0,,1076000000.0,1591000000.0,1766000000.0,,2032000000.0,2292000000.0,2472000000.0,9439000000.0,2857000000.0,3789000000.0,2754000000.0,11618000000.0,2544000000.0,4045000000.0,4720000000.0
37,StockholdersEquity,BS,2665140000.0,2860645000.0,2760514000.0,2897880000.0,3181462000.0,3447808000.0,3689469000.0,3973450000.0,4145724000.0,4287428000.0,4453665000.0,4722846000.0,4827703000.0,4824936000.0,4172173000.0,4320647000.0,4456398000.0,4166985000.0,4304786000.0,4204593000.0,4417982000.0,4556000000.0,4185000000.0,4465000000.0,4469000000.0,4196000000.0,4480000000.0,5324000000.0,5762000000.0,6132000000.0,5973000000.0,6352000000.0,7471000000.0,7717000000.0,8795000000.0,9475000000.0,9342000000.0,9704000000.0,10336000000.0,11214000000.0,12204000000.0,13099000000.0,13914000000.0,15334000000.0,16893000000.0,18774000000.0,21147000000.0,23798000000.0,26612000000.0,26320000000.0,23851000000.0,21349000000.0,22101000000.0,24520000000.0,27501000000.0,33265000000.0
38,DepositsAndOtherAssetsOperating,CF,3857000.0,1061000.0,86000.0,4864000.0,4331000.0,3226000.0,-992000.0,-2992000.0,70694000.0,,,,-8567000.0,,,,-4823000.0,,,,,,,,,,,,,,,,,,,,,,,,,,,,,,,,,,,,,,,
39,NetCashProvidedByUsedInInvestingActivities,CF,-519333000.0,-57342000.0,-176443000.0,-340427000.0,-649678000.0,-252506000.0,-525724000.0,-814869000.0,-1143364000.0,-335054000.0,-419757000.0,-602556000.0,-743992000.0,-230786000.0,481032000.0,293659000.0,-805937000.0,-330322000.0,-393276000.0,-408871000.0,-727048000.0,-235000000.0,12000000.0,-187000000.0,-400000000.0,176000000.0,-93000000.0,-420000000.0,-793000000.0,754000000.0,1016000000.0,1302000000.0,1278000000.0,-3551000000.0,-4356000000.0,-4137000000.0,-4097000000.0,1495000000.0,5040000000.0,6296000000.0,6145000000.0,-1055000000.0,-14545000000.0,-16546000000.0,-19675000000.0,-1272000000.0,-3805000000.0,-8244000000.0,-9830000000.0,2612000000.0,4230000000.0,7378000000.0,7375000000.0,-841000000.0,-1287000000.0,-4457000000.0
40,AdjustmentsToAdditionalPaidInCapitalTaxEffectFromShareBasedCompensation,EQ,29891000.0,,,,-14201000.0,,,,,,,,,,,,,,,,,,,,,,,,,,,,,,,,,,,,,,,,,,,,,,,,,,,
41,ProceedsFromPaymentsForOtherFinancingActivities,CF,1105000.0,,,,-571000.0,,,,,,,,,-2500000.0,-2500000.0,-4280000.0,-5000000.0,0.0,0.0,0.0,-2500000.0,,,,-3000000.0,,-1000000.0,-1000000.0,-7000000.0,-1000000.0,-2000000.0,-3000000.0,-9000000.0,0.0,-1000000.0,-2000000.0,-5000000.0,,0.0,0.0,0.0,-3000000.0,-3000000.0,-3000000.0,-4000000.0,-2000000.0,-2000000.0,-2000000.0,-7000000.0,0.0,1000000.0,1000000.0,-2000000.0,,0.0,-1000000.0
42,AccountsReceivableNetCurrent,BS,374963000.0,529663000.0,395934000.0,399502000.0,348770000.0,343202000.0,419944000.0,371261000.0,336143000.0,411155000.0,445312000.0,444944000.0,454252000.0,346998000.0,418123000.0,447631000.0,426357000.0,396438000.0,469625000.0,563400000.0,473637000.0,455000000.0,514000000.0,536000000.0,505000000.0,523000000.0,644000000.0,833000000.0,826000000.0,976000000.0,1213000000.0,1167000000.0,1265000000.0,1220000000.0,1662000000.0,2219000000.0,1424000000.0,1242000000.0,1561000000.0,1455000000.0,1657000000.0,1907000000.0,2084000000.0,2546000000.0,2429000000.0,3024000000.0,3586000000.0,3954000000.0,4650000000.0,5438000000.0,5317000000.0,4908000000.0,3827000000.0,4080000000.0,7066000000.0,8309000000.0
43,OtherComprehensiveIncomeReclassificationAdjustmentForSaleOfSecuritiesIncludedInNetIncomeNetOfTax,EQ,-1110000.0,,,,982000.0,,,,-413000.0,,,,,,,,,,,,,,,,,,,,,,,,,,,,,,,,,,,,,,,,,,,,,,,
44,PaymentsRelatedToStockOptionPurchase,EQ,-78075000.0,,,,0.0,,,,0.0,,,,,,,,,,,,,,,,,,,,,,,,,,,,,,,,,,,,,,,,,,,,,,,
45,StockOptionPlanExpense,CF,135735000.0,0.0,0.0,0.0,0.0,,,,0.0,,,,,,,,,,,,,,,,,,,,,,,,,,,,,,,,,,,,,,,,,,,,,,,
46,IncomeLossBeforeIncomeTaxExpenseBenefit,IS,-82294000.0,150725000.0,,,,,,,,,,,,,,,,,,,,,,,,,,,,,,,,,,,,,,,,,,,,,,,,,,,,,,
47,CashAndCashEquivalentsAtCarryingValue,BS,447221000.0,447262000.0,377003000.0,451174000.0,665361000.0,683633000.0,532614000.0,566816000.0,667876000.0,369135000.0,499618000.0,525388000.0,732786000.0,561423000.0,591321000.0,562084000.0,1151587000.0,509165000.0,515092000.0,394683000.0,496654000.0,464000000.0,435000000.0,471000000.0,596000000.0,547000000.0,426000000.0,1940000000.0,1766000000.0,1989000000.0,1988000000.0,2802000000.0,4002000000.0,765000000.0,718000000.0,721000000.0,782000000.0,2772000000.0,7105000000.0,9765000000.0,10896000000.0,15494000000.0,3274000000.0,2251000000.0,847000000.0,978000000.0,5628000000.0,1288000000.0,1990000000.0,3887000000.0,3013000000.0,2800000000.0,3389000000.0,5079000000.0,5783000000.0,5519000000.0
48,NetCashProvidedByUsedInOperatingActivities,CF,487807000.0,-5397000.0,28947000.0,241124000.0,675797000.0,172200000.0,254221000.0,498638000.0,909156000.0,-9208000.0,191678000.0,373163000.0,824172000.0,175650000.0,272119000.0,434434000.0,835146000.0,151022000.0,247304000.0,462927000.0,905656000.0,246000000.0,409000000.0,664000000.0,1175000000.0,309000000.0,493000000.0,951000000.0,1672000000.0,282000000.0,987000000.0,2144000000.0,3502000000.0,1445000000.0,2358000000.0,2845000000.0,3743000000.0,720000000.0,1656000000.0,3296000000.0,4761000000.0,909000000.0,2476000000.0,3755000000.0,5822000000.0,1874000000.0,4556000000.0,6075000000.0,9108000000.0,1731000000.0,3001000000.0,3393000000.0,5641000000.0,2911000000.0,9259000000.0,16591000000.0
49,OtherNonoperatingIncomeExpense,IS,-3144000.0,-2239000.0,1355000.0,-4418000.0,-508000.0,-3690000.0,-1749000.0,3341000.0,-963000.0,-929000.0,269000.0,-3290000.0,-2814000.0,205000.0,2421000.0,-3526000.0,7351000.0,17684000.0,-3857000.0,-125000.0,13890000.0,-1000000.0,-1000000.0,3000000.0,4000000.0,-4000000.0,0.0,-16000000.0,-25000000.0,-18000000.0,-4000000.0,-1000000.0,-22000000.0,6000000.0,5000000.0,1000000.0,14000000.0,0.0,1000000.0,0.0,-2000000.0,-1000000.0,-1000000.0,-4000000.0,4000000.0,135000000.0,4000000.0,22000000.0,107000000.0,-13000000.0,-5000000.0,-11000000.0,-48000000.0,-15000000.0,59000000.0,-66000000.0
50,PaymentsForRepurchaseOfCommonStock,CF,0.0,,,,0.0,,,,,,,,100000000.0,100000000.0,850000000.0,850000000.0,887304000.0,500000000.0,500000000.0,310000000.0,813600000.0,53000000.0,400000000.0,452000000.0,587000000.0,500000000.0,509000000.0,509000000.0,739000000.0,0.0,758000000.0,909000000.0,909000000.0,655000000.0,655000000.0,855000000.0,1579000000.0,0.0,0.0,0.0,0.0,,,,0.0,,,,,1996000000.0,5341000000.0,8826000000.0,10039000000.0,0.0,3067000000.0,6874000000.0
51,UnrealizedGainLossOnSecurities,CF,8305000.0,-1298000.0,936000.0,497000.0,-1899000.0,850000.0,13673000.0,-1274000.0,342000.0,-167000.0,545000.0,,,312000.0,-4084000.0,-4119000.0,-5104000.0,,-499000.0,,2967000.0,,,,,,,,,,,,,,,,,,,,,,,,,,,,,,,,,,,
52,InventoryNet,BS,330674000.0,388139000.0,434227000.0,377812000.0,345525000.0,380964000.0,361911000.0,319602000.0,340297000.0,342707000.0,387185000.0,428983000.0,419686000.0,377597000.0,378280000.0,380319000.0,387765000.0,393280000.0,387434000.0,408081000.0,482893000.0,438000000.0,441000000.0,425000000.0,418000000.0,394000000.0,521000000.0,679000000.0,794000000.0,821000000.0,855000000.0,857000000.0,796000000.0,797000000.0,1090000000.0,1417000000.0,1575000000.0,1426000000.0,1204000000.0,1047000000.0,979000000.0,1128000000.0,1401000000.0,1495000000.0,1826000000.0,1992000000.0,2114000000.0,2233000000.0,2605000000.0,3163000000.0,3889000000.0,4454000000.0,5159000000.0,4611000000.0,4319000000.0,4779000000.0
53,IntangibleAssetsNetExcludingGoodwill,BS,120458000.0,115423000.0,118879000.0,112642000.0,288745000.0,278761000.0,358136000.0,342839000.0,326136000.0,363395000.0,346938000.0,331248000.0,312332000.0,336733000.0,322520000.0,320589000.0,296012000.0,277530000.0,260613000.0,241301000.0,221714000.0,205000000.0,190000000.0,172000000.0,166000000.0,155000000.0,138000000.0,120000000.0,104000000.0,90000000.0,76000000.0,63000000.0,52000000.0,55000000.0,51000000.0,49000000.0,45000000.0,54000000.0,49000000.0,43000000.0,49000000.0,80000000.0,2854000000.0,2861000000.0,2737000000.0,2613000000.0,2478000000.0,2454000000.0,2339000000.0,2211000000.0,2036000000.0,1850000000.0,1676000000.0,1541000000.0,1395000000.0,1251000000.0
54,CommonStock,BS,653000.0,663000.0,,,,,,,,,,,,,,,,,,,,,,,,,,,,,,,,,,,,,,,,,,,,,,,,,,,,,,
55,DeferredTaxAssetsNetCurrent,BS,8752000.0,8752000.0,8752000.0,8752000.0,9456000.0,9456000.0,26281000.0,26281000.0,49931000.0,49931000.0,49931000.0,49931000.0,103736000.0,106336000.0,108436000.0,107236000.0,68494000.0,65196000.0,66697000.0,61498000.0,63254000.0,58000000.0,59000000.0,52000000.0,0.0,,,,,,,,,,,,,,,,,,,,,,,,,,,,,,,
56,CommonStockSharesOutstanding,BS,561465851.0,,,,588555701.0,,,,612191412.0,,,,616756134.0,,,,567996734.0,,,,544913000.0,,,,539000000.0,,,,585000000.0,,,,606000000.0,,,,606000000.0,,,,612000000.0,,,,620000000.0,,,,2506000000.0,,,,2466000000.0,,,
57,OtherComprehensiveIncomeUnrealizedHoldingGainLossOnSecuritiesArisingDuringPeriodTax,EQ,484000.0,,,,,,,,,,,,,,,,,,,,,,,,,,,,,,,,,,,,,,,,,,,,,,,,,,,,,,,
58,PreferredStockSharesIssued,BS,0.0,,,,0.0,,,,0.0,,,,0.0,,,,0.0,,,,0.0,,,,0.0,,,,0.0,,,,0.0,,,,0.0,,,,0.0,,,,0.0,,,,0.0,,,,0.0,,,
59,StockOptionPlanExpense,EQ,135735000.0,,,,0.0,,,,0.0,,,,,,,,,,,,,,,,,,,,,,,,,,,,,,,,,,,,,,,,,,,,,,,
60,LiabilitiesAssumed,CF,37830000.0,1568000.0,7811000.0,67785000.0,252796000.0,6416000.0,4163000.0,,,,,,,,,,,,,,,,,,,,,,,,,,,,,,,,,,,,,,,,,,,,,,,,,
61,PaymentsToAcquireBusinessesNetOfCashAcquired,CF,0.0,,,,0.0,,348884000.0,348884000.0,348884000.0,,0.0,0.0,0.0,0.0,,17145000.0,17145000.0,,,0.0,0.0,,,,0.0,,,,,,,,,,,,,,,,,34000000.0,7171000000.0,8524000000.0,8524000000.0,0.0,0.0,203000000.0,263000000.0,36000000.0,49000000.0,49000000.0,49000000.0,83000000.0,83000000.0,83000000.0
62,RetainedEarningsAccumulatedDeficit,BS,1896182000.0,2033776000.0,1892815000.0,1977677000.0,2149328000.0,2284547000.0,2436120000.0,2614393000.0,2730418000.0,2790855000.0,2909901000.0,3118981000.0,3246088000.0,3277713000.0,3330815000.0,3406154000.0,3504742000.0,3594527000.0,3675071000.0,3801966000.0,3948877000.0,4037000000.0,4010000000.0,4204000000.0,4350000000.0,4484000000.0,4675000000.0,5529000000.0,6108000000.0,6506000000.0,7006000000.0,7760000000.0,8787000000.0,9948000000.0,10957000000.0,12096000000.0,12565000000.0,12862000000.0,13317000000.0,14118000000.0,14971000000.0,15790000000.0,16313000000.0,17550000000.0,18908000000.0,20721000000.0,22995000000.0,25359000000.0,16235000000.0,15758000000.0,12971000000.0,9905000000.0,10171000000.0,12115000000.0,14921000000.0,20360000000.0
63,AllowanceForDoubtfulAccountsReceivableCurrent,BS,16330000.0,,,,15839000.0,,,,14854000.0,,,,14791000.0,,,,14959000.0,,,,16982000.0,,,,11000000.0,,,,13000000.0,,,,13000000.0,,,,,,,,,,,,,,,,,,,,,,,
64,IncomeTaxExpenseBenefit,IS,-14307000.0,13131000.0,-28086000.0,18723000.0,18023000.0,21266000.0,25974000.0,26514000.0,82306000.0,16658000.0,26162000.0,44548000.0,99503000.0,10171000.0,15372000.0,22750000.0,70264000.0,26766000.0,26649000.0,36103000.0,124249000.0,38000000.0,46000000.0,-1000000.0,129000000.0,45000000.0,64000000.0,79000000.0,239000000.0,29000000.0,101000000.0,58000000.0,149000000.0,67000000.0,79000000.0,-149000000.0,-245000000.0,-5000000.0,54000000.0,60000000.0,174000000.0,64000000.0,-13000000.0,12000000.0,77000000.0,132000000.0,20000000.0,174000000.0,189000000.0,187000000.0,-181000000.0,-67000000.0,-187000000.0,166000000.0,793000000.0,1279000000.0
65,ProceedsFromSaleAndMaturityOfMarketableSecurities,CF,752434000.0,186701000.0,635432000.0,931099000.0,1170075000.0,206946000.0,591242000.0,953808000.0,1310743000.0,507875000.0,918856000.0,1262167000.0,1817410000.0,378281000.0,320838000.0,447134000.0,585150000.0,134079000.0,451474000.0,688168000.0,864798000.0,238000000.0,487000000.0,872000000.0,1036000000.0,175000000.0,506000000.0,712000000.0,969000000.0,200000000.0,450000000.0,739000000.0,1078000000.0,239000000.0,2957000000.0,6267000000.0,7232000000.0,2219000000.0,3592000000.0,4744000000.0,4744000000.0,0.0,,,8792000000.0,,,,,,,,,,,
66,PrepaidExpensesAndOtherCurrentAsset,CF,1580000.0,2685000.0,-6335000.0,3798000.0,8528000.0,-3964000.0,2255000.0,35000.0,14803000.0,,,,20290000.0,,,,-6729000.0,,,,,,,,,,,,,,,,,,,,,,,,,,,,,,,,,,,,,,,
67,NetIncomeLoss,EQ,-67987000.0,,,,171651000.0,,,,116025000.0,,,,173973000.0,,,,146917000.0,,,,193128000.0,,,,207000000.0,,,,655000000.0,,,,1118000000.0,,,,567000000.0,394000000.0,552000000.0,899000000.0,950000000.0,917000000.0,622000000.0,1336000000.0,4332000000.0,1912000000.0,2374000000.0,2464000000.0,9752000000.0,1618000000.0,656000000.0,680000000.0,4368000000.0,2043000000.0,6188000000.0,9243000000.0
68,CommonStockParOrStatedValuePerShare,BS,0.001,,,,0.001,,,,0.01,,,,0.001,,,,0.001,,,,0.001,,,,0.001,,,,0.001,,,,0.001,,,,0.001,,,,0.001,,,,0.001,,,,0.001,,,,0.001,,,
69,ResearchAndDevelopmentExpense,IS,908851000.0,218105000.0,210635000.0,204527000.0,848830000.0,231524000.0,247721000.0,256498000.0,1002605000.0,283902000.0,281193000.0,284180000.0,1147282000.0,327161000.0,331738000.0,340294000.0,1335834000.0,334263000.0,337124000.0,340085000.0,1359725000.0,339000000.0,320000000.0,329000000.0,1331000000.0,346000000.0,350000000.0,373000000.0,1463000000.0,411000000.0,416000000.0,462000000.0,1797000000.0,542000000.0,581000000.0,605000000.0,2376000000.0,674000000.0,704000000.0,712000000.0,2829000000.0,735000000.0,997000000.0,1047000000.0,3924000000.0,1153000000.0,1245000000.0,1403000000.0,5268000000.0,1618000000.0,1824000000.0,1945000000.0,7339000000.0,1875000000.0,2040000000.0,2294000000.0
70,WeightedAverageNumberOfDilutedSharesOutstanding,IS,549574.0,590997.0,572764.0,582648.0,588684.0,613474.0,613934.0,613560000.0,616371000.0,623786000.0,623143000.0,628845000.0,624957000.0,619302000.0,592006000.0,588752000.0,594517000.0,570422000.0,570572000.0,558201000.0,563068000.0,568000000.0,556000000.0,565000000.0,569000000.0,597000000.0,631000000.0,653000000.0,649000000.0,641000000.0,633000000.0,628000000.0,632000000.0,627000000.0,626000000.0,625000000.0,625000000.0,616000000.0,616000000.0,618000000.0,618000000.0,622000000.0,626000000.0,630000000.0,628000000.0,632000000.0,2532000000.0,2538000000.0,2535000000.0,2537000000.0,2516000000.0,2499000000.0,2507000000.0,2490000000.0,2499000000.0,2494000000.0
71,AccountsPayableCurrent,BS,344527000.0,362740000.0,280041000.0,324770000.0,286138000.0,346295000.0,297813000.0,307943000.0,335072000.0,395578000.0,417250000.0,390265000.0,356428000.0,328259000.0,310271000.0,333283000.0,324391000.0,309008000.0,261627000.0,328097000.0,293223000.0,222000000.0,277000000.0,295000000.0,296000000.0,320000000.0,423000000.0,523000000.0,485000000.0,348000000.0,431000000.0,511000000.0,596000000.0,623000000.0,800000000.0,902000000.0,511000000.0,368000000.0,437000000.0,591000000.0,687000000.0,761000000.0,893000000.0,1097000000.0,1201000000.0,1218000000.0,1474000000.0,1664000000.0,1783000000.0,1999000000.0,2421000000.0,1491000000.0,1193000000.0,1141000000.0,1929000000.0,2380000000.0
72,NoncashOrPartNoncashAcquisitionIntangibleAssetsAcquired,CF,0.0,,,,0.0,,,,,,,,,,,,,,,,,,,,,,,,,,,,,,,,,,,,,,,,,,,,,,,,,,,
73,ImpairmentOfInvestments,CF,0.0,,,,0.0,,,,,,,,,,,,,,,,,,,,,,,,,,,,,,,,,,,,,,,,,,,,,,,,,,,
74,LiabilitiesCurrent,BS,784378000.0,765293000.0,819139000.0,816489000.0,942682000.0,981166000.0,960299000.0,886684000.0,929958000.0,947404000.0,1021960000.0,991359000.0,976223000.0,925577000.0,935791000.0,985927000.0,945496000.0,897945000.0,868729000.0,933907000.0,896030000.0,883000000.0,936000000.0,855000000.0,2351000000.0,2377000000.0,2407000000.0,2041000000.0,1788000000.0,983000000.0,1032000000.0,1027000000.0,1153000000.0,1106000000.0,1462000000.0,1608000000.0,1329000000.0,1183000000.0,1317000000.0,1475000000.0,1784000000.0,1903000000.0,2410000000.0,3669000000.0,3925000000.0,4004000000.0,4448000000.0,3612000000.0,4335000000.0,5562000000.0,7573000000.0,6855000000.0,6563000000.0,7260000000.0,10334000000.0,9101000000.0
75,AccruedLiabilitiesAndOtherLongTermLiabilities,CF,-136303000.0,-40428000.0,95846000.0,23357000.0,196413000.0,-63127000.0,-139156000.0,-232058000.0,6818000.0,,,,86405000.0,,,,-32436000.0,,,,,,,,,,,,,,,,,,,,,,,,,,,,,,,,,,,,,,,
76,InterestExpense,IS,3320000.0,,,,3127000.0,,,,3089000.0,,,,3294000.0,,,,10443000.0,11471000.0,11526000.0,11542000.0,46133000.0,12000000.0,12000000.0,12000000.0,47000000.0,12000000.0,12000000.0,16000000.0,58000000.0,16000000.0,15000000.0,15000000.0,61000000.0,15000000.0,14000000.0,15000000.0,58000000.0,13000000.0,13000000.0,13000000.0,52000000.0,25000000.0,54000000.0,53000000.0,184000000.0,53000000.0,60000000.0,62000000.0,236000000.0,68000000.0,65000000.0,65000000.0,262000000.0,66000000.0,65000000.0,63000000.0
77,OperatingIncomeLoss,IS,-98945000.0,147393000.0,-175207000.0,103783000.0,255747000.0,154862000.0,174030000.0,197090000.0,648299000.0,72826000.0,139623000.0,252217000.0,648239000.0,82781000.0,105534000.0,140988000.0,496227000.0,151359000.0,163179000.0,213315000.0,758989000.0,176000000.0,76000000.0,245000000.0,747000000.0,245000000.0,317000000.0,639000000.0,1934000000.0,554000000.0,688000000.0,895000000.0,3210000000.0,1295000000.0,1157000000.0,1058000000.0,3804000000.0,358000000.0,571000000.0,927000000.0,2846000000.0,976000000.0,651000000.0,1398000000.0,4532000000.0,1956000000.0,2444000000.0,2671000000.0,10041000000.0,1868000000.0,499000000.0,601000000.0,4224000000.0,2140000000.0,6800000000.0,10417000000.0
78,EarningsPerShareDiluted,IS,-0.12,0.23,-0.25,0.15,0.29,0.22,0.25,0.29,0.19,0.1,0.19,0.33,0.28,0.13,0.16,0.2,0.25,0.24,0.22,0.31,0.35,0.24,0.05,0.44,0.35,0.33,0.4,0.83,0.99,0.79,0.92,1.33,1.78,1.98,1.76,1.97,0.92,0.64,0.9,1.45,1.53,1.47,0.99,2.12,6.9,3.03,0.94,0.97,3.85,0.64,0.26,0.27,1.74,0.82,2.48,3.71
79,TreasuryStockValueAcquiredCostMethod,EQ,0.0,,,,-16124000.0,,,,,,,,,,,,,,,,,,,,,,,,,,,,,,,,,,,,,,,,,,,,,,,,,,,
80,CommonStockSharesIssued,BS,652391708.0,,,,680598737.0,,,,705352099.0,,,,720153197.0,,,,735242458.0,,,,758872000.0,,,,780000000.0,,,,868000000.0,,,,932000000.0,,,,945000000.0,,,,955000000.0,,,,965000000.0,,,,2506000000.0,,,,2466000000.0,,,
81,EarningsPerShareBasic,IS,-0.12,0.24,-0.25,0.15,0.29,0.23,0.25,0.29,0.19,0.1,0.19,0.34,0.28,0.13,0.16,0.2,0.26,0.24,0.23,0.32,0.35,0.24,0.05,0.45,0.38,0.36,0.47,1.01,1.18,0.86,0.98,1.39,1.84,2.05,1.81,2.02,0.93,0.65,0.91,1.47,1.55,1.49,1.01,2.16,7.02,3.08,0.95,0.99,3.91,0.65,0.26,0.27,1.76,0.83,2.5,3.75
82,NetCashProvidedByUsedInFinancingActivities,CF,61059000.0,62780000.0,77278000.0,103256000.0,192021000.0,98578000.0,138756000.0,217686000.0,236723000.0,45521000.0,59821000.0,86905000.0,-15270000.0,-116227000.0,-894616000.0,-898795000.0,389592000.0,-463122000.0,-490523000.0,-810960000.0,-833541000.0,-44000000.0,-483000000.0,-503000000.0,-676000000.0,-534000000.0,-570000000.0,813000000.0,291000000.0,-813000000.0,-1781000000.0,-2410000000.0,-2544000000.0,-1131000000.0,-1286000000.0,-1989000000.0,-2866000000.0,-225000000.0,-373000000.0,-609000000.0,-792000000.0,4744000000.0,4447000000.0,4146000000.0,3804000000.0,-471000000.0,4030000000.0,2610000000.0,1865000000.0,-2446000000.0,-6208000000.0,-9961000000.0,-11617000000.0,-380000000.0,-5479000000.0,-10004000000.0
83,CashPaidForInterestOnCapitalLeaseObligations,CF,3256000.0,795000.0,1582000.0,2359000.0,3127000.0,761000.0,1510000.0,2254000.0,3008000.0,,,,,,,,,,,,,,,,,,,,,,,,,,,,,,,,,,,,,,,,,,,,,,,
84,DeferredIncomeTaxExpenseBenefit,CF,-21147000.0,14398000.0,-15244000.0,-172000.0,-2646000.0,8415000.0,20082000.0,14242000.0,19056000.0,3630000.0,13791000.0,42684000.0,31860000.0,-3063000.0,-611000.0,7914000.0,15430000.0,21464000.0,38313000.0,62081000.0,82569000.0,28000000.0,65000000.0,107000000.0,134000000.0,33000000.0,74000000.0,146000000.0,197000000.0,22000000.0,115000000.0,158000000.0,-359000000.0,51000000.0,113000000.0,30000000.0,-315000000.0,-42000000.0,-27000000.0,-5000000.0,18000000.0,16000000.0,-64000000.0,-117000000.0,-282000000.0,24000000.0,-161000000.0,-182000000.0,-406000000.0,-542000000.0,-985000000.0,-1517000000.0,-2164000000.0,-1135000000.0,-1881000000.0,-2411000000.0
85,AccruedLiabilitiesCurrent,BS,439851000.0,402553000.0,539098000.0,491719000.0,656544000.0,634871000.0,662486000.0,578741000.0,594886000.0,551826000.0,604710000.0,601094000.0,619795000.0,597318000.0,625520000.0,652644000.0,621105000.0,588937000.0,607102000.0,605810000.0,602807000.0,661000000.0,659000000.0,560000000.0,642000000.0,636000000.0,556000000.0,507000000.0,507000000.0,420000000.0,517000000.0,493000000.0,542000000.0,469000000.0,648000000.0,703000000.0,818000000.0,815000000.0,880000000.0,884000000.0,1097000000.0,1142000000.0,1517000000.0,1574000000.0,1725000000.0,1787000000.0,1974000000.0,1948000000.0,2552000000.0,3563000000.0,3903000000.0,4115000000.0,4120000000.0,4869000000.0,7156000000.0,5472000000.0
86,TreasuryStockShares,BS,90925857.0,,,,92043036.0,,,,93160687.0,,,,103397063.0,,,,167245724.0,,,,213959000.0,,,,242000000.0,,,,283000000.0,,,,326000000.0,,,,339000000.0,,,,342000000.0,,,,345000000.0,,,,0.0,,,,,,,
87,StockIssuedDuringPeriodValueEmployeeStockOwnershipPlan,EQ,138029000.0,,,,193405000.0,,,,213369000.0,,,,90741000.0,,,,97454000.0,,,,197156000.0,,,,186000000.0,,,,167000000.0,,,,138000000.0,,,,137000000.0,83000000.0,83000000.0,63000000.0,149000000.0,88000000.0,6000000.0,96000000.0,194000000.0,126000000.0,2000000.0,150000000.0,281000000.0,204000000.0,1000000.0,143000000.0,355000000.0,246000000.0,1000000.0,157000000.0
88,AccumulatedOtherComprehensiveIncomeLossNetOfTax,BS,12172000.0,10872000.0,11234000.0,12667000.0,10272000.0,11121000.0,14434000.0,8997000.0,10614000.0,10447000.0,11159000.0,10860000.0,9981000.0,10293000.0,5897000.0,5862000.0,4877000.0,6364000.0,4378000.0,9761000.0,7844000.0,8000000.0,1000000.0,2000000.0,-4000000.0,1000000.0,4000000.0,-4000000.0,-16000000.0,-14000000.0,-12000000.0,-14000000.0,-18000000.0,-23000000.0,-23000000.0,-24000000.0,-12000000.0,-2000000.0,-1000000.0,-3000000.0,1000000.0,-10000000.0,4000000.0,12000000.0,19000000.0,14000000.0,8000000.0,9000000.0,-11000000.0,-64000000.0,-90000000.0,-123000000.0,-43000000.0,-50000000.0,-51000000.0,-88000000.0
89,StockIssuedDuringPeriodValueShareBasedCompensation,EQ,104588000.0,,,,101996000.0,,,,,,,,,,,,,,,,,,,,,,,,,,,,,,,,,,,,,,,,,,,,,,,,,,,
90,Goodwill,BS,369844000.0,369844000.0,369844000.0,369844000.0,369844000.0,369844000.0,593513000.0,648053000.0,641030000.0,641030000.0,641030000.0,641030000.0,641030000.0,641030000.0,641030000.0,643179000.0,643179000.0,643179000.0,643179000.0,643179000.0,618179000.0,618000000.0,618000000.0,618000000.0,618000000.0,618000000.0,618000000.0,618000000.0,618000000.0,618000000.0,618000000.0,618000000.0,618000000.0,618000000.0,618000000.0,618000000.0,618000000.0,618000000.0,618000000.0,618000000.0,618000000.0,628000000.0,4193000000.0,4193000000.0,4193000000.0,4193000000.0,4193000000.0,4302000000.0,4349000000.0,4365000000.0,4372000000.0,4372000000.0,4372000000.0,4430000000.0,4430000000.0,4430000000.0
91,OtherComprehensiveIncomeReclassificationAdjustmentForSaleOfSecuritiesIncludedInNetIncomeTax,EQ,598000.0,,,,,,,,,,,,,,,,,,,,,,,,,,,,,,,,,,,,,,,,,,,,,,,,,,,,,,,
92,PaymentsForProceedsFromOtherInvestingActivities,CF,218000.0,,1525000.0,1656000.0,2163000.0,383000.0,1890000.0,1890000.0,1590000.0,-216000.0,82000.0,-135000.0,-352000.0,1450000.0,1450000.0,2450000.0,4950000.0,0.0,250000.0,500000.0,500000.0,1000000.0,1000000.0,1000000.0,6000000.0,4000000.0,4000000.0,3000000.0,5000000.0,5000000.0,16000000.0,26000000.0,36000000.0,0.0,7000000.0,9000000.0,9000000.0,,,,14000000.0,,,,34000000.0,2000000.0,-3000000.0,14000000.0,24000000.0,35000000.0,65000000.0,83000000.0,77000000.0,221000000.0,435000000.0,872000000.0
93,GrossProfit,IS,1176923000.0,456377000.0,134292000.0,392062000.0,426359000.0,484503000.0,525284000.0,556717000.0,490013000.0,463364000.0,540719000.0,636658000.0,585602000.0,518568000.0,545538000.0,584415000.0,619242000.0,604202000.0,618974000.0,676698000.0,699603000.0,653000000.0,634000000.0,734000000.0,791000000.0,751000000.0,826000000.0,1183000000.0,1303000000.0,1150000000.0,1302000000.0,1569000000.0,1801000000.0,2068000000.0,1975000000.0,1921000000.0,1207000000.0,1296000000.0,1541000000.0,1916000000.0,2015000000.0,2004000000.0,2275000000.0,2960000000.0,10396000000.0,3629000000.0,4215000000.0,4631000000.0,17475000000.0,5431000000.0,2915000000.0,3177000000.0,15356000000.0,4648000000.0,9462000000.0,13400000000.0
94,NetIncomeLoss,CF,-67987000.0,137594000.0,-140961000.0,84862000.0,171651000.0,135219000.0,151573000.0,178273000.0,116025000.0,60437000.0,119046000.0,209080000.0,173973000.0,77891000.0,96448000.0,118734000.0,146917000.0,136516000.0,127976000.0,172967000.0,193128000.0,134000000.0,26000000.0,246000000.0,207000000.0,196000000.0,253000000.0,542000000.0,655000000.0,507000000.0,583000000.0,838000000.0,1118000000.0,1244000000.0,1101000000.0,1230000000.0,567000000.0,394000000.0,552000000.0,899000000.0,950000000.0,917000000.0,622000000.0,1336000000.0,4332000000.0,1912000000.0,2374000000.0,2464000000.0,9752000000.0,1618000000.0,656000000.0,680000000.0,4368000000.0,2043000000.0,6188000000.0,9243000000.0
95,LiabilitiesAndStockholdersEquity,BS,3585918000.0,3803030000.0,3731268000.0,3915579000.0,4495246000.0,4736744000.0,4864424000.0,5089043000.0,5552928000.0,5708167000.0,5891881000.0,6075144000.0,6412245000.0,6279527000.0,5569592000.0,5711373000.0,7250894000.0,6864663000.0,6933719000.0,6885869000.0,7201368000.0,7291000000.0,6979000000.0,7174000000.0,7370000000.0,7108000000.0,7461000000.0,9612000000.0,9841000000.0,9410000000.0,9402000000.0,9830000000.0,11241000000.0,11460000000.0,12882000000.0,13657000000.0,13292000000.0,14021000000.0,14775000000.0,15810000000.0,17315000000.0,23254000000.0,25180000000.0,26881000000.0,28791000000.0,30796000000.0,38650000000.0,40632000000.0,44187000000.0,45212000000.0,43476000000.0,40488000000.0,41182000000.0,44460000000.0,49555000000.0,54148000000.0
96,InvestmentIncomeInterest,IS,23115000.0,5571000.0,4805000.0,4220000.0,19057000.0,5313000.0,5266000.0,4356000.0,19149000.0,5198000.0,5316000.0,4701000.0,19908000.0,5076000.0,3865000.0,4022000.0,17119000.0,5710000.0,6829000.0,7422000.0,28090000.0,9000000.0,9000000.0,9000000.0,39000000.0,12000000.0,12000000.0,14000000.0,54000000.0,16000000.0,15000000.0,17000000.0,69000000.0,25000000.0,32000000.0,37000000.0,136000000.0,44000000.0,47000000.0,45000000.0,178000000.0,31000000.0,13000000.0,7000000.0,57000000.0,6000000.0,6000000.0,7000000.0,29000000.0,18000000.0,46000000.0,88000000.0,267000000.0,150000000.0,187000000.0,234000000.0
97,AssetsCurrent,BS,2480830000.0,2726980000.0,2655962000.0,2807702000.0,3226950000.0,3496763000.0,3317557000.0,3500071000.0,3905358000.0,4032116000.0,4213851000.0,4424827000.0,4775258000.0,4606616000.0,3922608000.0,4049841000.0,5624711000.0,5273798000.0,5377586000.0,5341109000.0,5713297000.0,5832000000.0,5608000000.0,5834000000.0,6053000000.0,5790000000.0,6156000000.0,8307000000.0,8536000000.0,8116000000.0,8070000000.0,8479000000.0,9255000000.0,9448000000.0,10831000000.0,11386000000.0,10557000000.0,10629000000.0,11391000000.0,12420000000.0,13690000000.0,19584000000.0,14681000000.0,14393000000.0,16055000000.0,18127000000.0,25806000000.0,25806000000.0,28829000000.0,29575000000.0,27418000000.0,23223000000.0,23073000000.0,24883000000.0,28797000000.0,32658000000.0
98,RepaymentsOfLongTermCapitalLeaseObligations,CF,,282000.0,574000.0,875000.0,,352000.0,731000.0,1188000.0,1608000.0,515000.0,1011000.0,1522000.0,2049000.0,576000.0,1169000.0,,2239000.0,709000.0,1423000.0,2160000.0,2917000.0,1000000.0,2000000.0,3000000.0,3000000.0,1000000.0,2000000.0,3000000.0,,,,,,,,,,,,,,,,,,,,,,,,,,,,
99,TaxBenefitFromStockOptionsExercised,CF,,0.0,,,-15316000.0,,,,,,,,,,,,,,,,,,,,,,,,,,,,,,,,,,,,,,,,,,,,,,,,,,,
100,CommonStockValue,BS,,,665000.0,671000.0,677000.0,688000.0,691000.0,698000.0,700000.0,707000.0,713000.0,719000.0,720000.0,725000.0,726000.0,732000.0,732000.0,743000.0,744000.0,752000.0,754000.0,1000000.0,1000000.0,1000000.0,1000000.0,1000000.0,1000000.0,1000000.0,1000000.0,1000000.0,1000000.0,1000000.0,1000000.0,1000000.0,1000000.0,1000000.0,1000000.0,1000000.0,1000000.0,1000000.0,1000000.0,1000000.0,1000000.0,1000000.0,1000000.0,1000000.0,3000000.0,3000000.0,3000000.0,3000000.0,2000000.0,2000000.0,2000000.0,2000000.0,2000000.0,2000000.0
101,IncomeLossFromContinuingOperationsBeforeIncomeTaxesMinorityInterestAndIncomeLossFromEquityMethodInvestments,IS,,,-169047000.0,103585000.0,271169000.0,156485000.0,177547000.0,204787000.0,663396000.0,77095000.0,145208000.0,253628000.0,662039000.0,88062000.0,111820000.0,141484000.0,510254000.0,163282000.0,154625000.0,209070000.0,754836000.0,172000000.0,72000000.0,245000000.0,743000000.0,241000000.0,317000000.0,621000000.0,1905000000.0,536000000.0,684000000.0,896000000.0,3196000000.0,1311000000.0,1180000000.0,1081000000.0,3896000000.0,389000000.0,606000000.0,959000000.0,2970000000.0,981000000.0,609000000.0,1348000000.0,4409000000.0,2044000000.0,2394000000.0,,,,,,,,,
102,LitigationSettlementGross,IS,,,,,57000000.0,,,,,,,,0.0,,,,,,,,,,,,,,,,,,,,,,,,,,,,,,,,,,,,,,,,,,,
103,ExcessTaxBenefitFromShareBasedCompensationFinancingActivities,CF,,,,,15316000.0,13644000.0,25021000.0,52703000.0,52793000.0,8675000.0,18154000.0,25646000.0,68710000.0,10120000.0,17360000.0,23743000.0,25801000.0,4086000.0,6843000.0,11744000.0,18456000.0,6000000.0,6000000.0,5000000.0,10000000.0,9000000.0,26000000.0,,0.0,,,,0.0,,,,,,,,,,,,,,,,,,,,,,,
104,OtherComprehensiveIncomeUnrealizedHoldingGainLossOnSecuritiesArisingDuringPeriodTax,CI,,,,,306000.0,,,,937.0,,,,-126000.0,,,,-134000.0,-469000.0,118000.0,-502000.0,-747000.0,,,,,,,,,,,,,,,,,,,,,,,,,,,,,,,,,,,
105,ComprehensiveIncomeNetOfTaxIncludingPortionAttributableToNoncontrollingInterest,EQ,,,,,251246000.0,,,,581432000.0,,,,561903000.0,,,,,,,,,,,,,,,,,,,,,,,,,,,,,,,,,,,,,,,,,,,
106,TreasuryStockSharesAcquired,EQ,,,,,-1117179.0,,,,,,,,,,,,,,,,,,,,,,,,,,,,,,,,,,,,,,,,,,,,,,,,,,,
107,OtherComprehensiveIncomeReclassificationAdjustmentForSaleOfSecuritiesIncludedInNetIncomeTax,CI,,,,,528000.0,,,,222.0,,,,178000.0,,,,,,,,,,,,,,,,,,,,,,,,,,,,,,,,,,,,,,,,,,,
108,ExcessTaxBenefitFromShareBasedCompensationOperatingActivities,CF,,,,,,-13644000.0,-25021000.0,-52703000.0,52793000.0,8675000.0,18154000.0,25646000.0,68710000.0,10120000.0,17360000.0,23743000.0,25801000.0,4086000.0,6843000.0,11744000.0,18456000.0,6000000.0,6000000.0,5000000.0,10000000.0,9000000.0,26000000.0,,0.0,,,,0.0,,,,,,,,,,,,,,,,,,,,,,,
109,PaymentOfNotesPayableAssumedFromAcquisitions,CF,,,,,,,-10319000.0,-10319000.0,-10319000.0,,,,,,,,,,,,,,,,,,,,,,,,,,,,,,,,,,,,,,,,,,,,,,,
110,PrepaidExpenseAndOtherAssetsCurrent,BS,,,,,,,,34573000.0,49411000.0,97511000.0,53323000.0,66197000.0,69701000.0,62334000.0,81876000.0,81701000.0,70285000.0,71067000.0,67776000.0,67333000.0,70174000.0,89000000.0,89000000.0,93000000.0,93000000.0,119000000.0,112000000.0,124000000.0,118000000.0,113000000.0,125000000.0,135000000.0,86000000.0,131000000.0,136000000.0,159000000.0,136000000.0,159000000.0,151000000.0,149000000.0,157000000.0,195000000.0,215000000.0,213000000.0,239000000.0,444000000.0,452000000.0,321000000.0,366000000.0,636000000.0,1175000000.0,718000000.0,791000000.0,872000000.0,1389000000.0,1289000000.0
111,LiabilitiesAssumed1,CF,,,,,,,,12064000.0,15913000.0,55256000.0,54230000.0,43792000.0,45195000.0,41341000.0,3725000.0,28963000.0,3327000.0,2824000.0,5570000.0,14498000.0,9605000.0,4000000.0,2000000.0,0.0,19000000.0,11000000.0,15000000.0,25000000.0,16000000.0,14000000.0,32000000.0,20000000.0,36000000.0,43000000.0,52000000.0,98000000.0,76000000.0,114000000.0,80000000.0,87000000.0,212000000.0,230000000.0,257000000.0,,,,,,,,,,,,,
112,CommitmentsAndContingencies,BS,,,,,,,,0.0,0.0,0.0,0.0,0.0,0.0,0.0,0.0,0.0,0.0,0.0,0.0,0.0,0.0,0.0,0.0,0.0,,,,,,,,,,,,,,,,,,,,,,,,,,,,,,,,
113,OtherNoncashIncomeExpense,CF,,,,,,,,13689000.0,-19095000.0,5451000.0,32496000.0,39978000.0,-47911000.0,4988000.0,8867000.0,11311000.0,-23718000.0,-7281000.0,-14124000.0,-19343000.0,-24099000.0,-7000000.0,-11000000.0,-16000000.0,-19000000.0,-4000000.0,-7000000.0,-8000000.0,-11000000.0,-5000000.0,-8000000.0,-11000000.0,-18000000.0,8000000.0,22000000.0,35000000.0,45000000.0,2000000.0,-1000000.0,-5000000.0,-5000000.0,-4000000.0,5000000.0,2000000.0,20000000.0,3000000.0,-16000000.0,-25000000.0,-47000000.0,-23000000.0,-18000000.0,27000000.0,7000000.0,34000000.0,102000000.0,170000000.0
114,AllocatedShareBasedCompensationExpense,EQ,,,,,,,,,136498000.0,,,,137101000.0,,,,136244000.0,,,,157985000.0,,,,206000000.0,,,,248000000.0,,,,391000000.0,,,,,,,,,,,,,,,,,,,,,,,
115,ProceedsFromStockOptionsExercised,CF,,,,,,,,,195857000.0,,,,64935000.0,,,,70170000.0,,,,153472000.0,,,,120000000.0,,,,,,,,,,,,,,,,,,,,,,,,,,,,,,,
116,AdjustmentsRelatedToTaxWithholdingForShareBasedCompensation,EQ,,,,,,,,,-17512000.0,,,,25805000.0,,,,27282000.0,,,,-43684000.0,,,,66000000.0,,,,177000000.0,,,,612000000.0,,,,1032000000.0,211000000.0,50000000.0,202000000.0,551000000.0,222000000.0,196000000.0,298000000.0,942000000.0,486000000.0,362000000.0,434000000.0,1904000000.0,538000000.0,299000000.0,294000000.0,1475000000.0,507000000.0,672000000.0,764000000.0
117,TaxBenefitFromStockOptionsExercised,EQ,,,,,,,,,50475000.0,,,,64905000.0,,,,,,,,,,,,,,,,,,,,,,,,,,,,,,,,,,,,,,,,,,,
118,CommonStockSharesOutstanding,EQ,,,,,,,,,612191412.0,,,,616756134.0,,,,567996734.0,,,,544913000.0,,,,539000000.0,,,,585000000.0,,,,606000000.0,,,,606000000.0,,,,612000000.0,,,,620000000.0,,,,2506000000.0,,,,2466000000.0,,,
119,OtherAssetsNoncurrent,BS,,,,,,,,,120332000.0,,,,107481000.0,,,,104252000.0,,,,90896000.0,,,,67000000.0,,,,62000000.0,,,,319000000.0,,,,668000000.0,,,,118000000.0,,,2028000000.0,2144000000.0,2090000000.0,2050000000.0,3761000000.0,3841000000.0,3505000000.0,3340000000.0,3580000000.0,3820000000.0,4204000000.0,4501000000.0,4667000000.0
120,PaymentsToAcquirePropertyPlantAndEquipment,CF,,,,,,,,,138735000.0,28923000.0,90867000.0,135551000.0,,65667000.0,150653000.0,188812000.0,,29068000.0,51595000.0,91336000.0,,30000000.0,54000000.0,71000000.0,,55000000.0,87000000.0,125000000.0,,54000000.0,108000000.0,177000000.0,,118000000.0,247000000.0,397000000.0,,128000000.0,241000000.0,344000000.0,,155000000.0,372000000.0,,,,,,,,,,,,,
121,OtherComprehensiveIncomeUnrealizedHoldingGainLossOnSecuritiesArisingDuringPeriodBeforeTax,UN,,,,,,,,,,-102000.0,1111000.0,-364000.0,,,,,,,,,,,,,,,,,,,,,,,,,,,,,,,,,,,,,,,,,,,,
122,NetIncomeLoss,UN,,,,,,,,,,60437000.0,119046000.0,209080000.0,,77891000.0,96448000.0,118734000.0,,136516000.0,127976000.0,,,,,,,,,,,,,,,,,,,,,,,,,,,,,,,,,,,,,
123,IncreaseDecreaseInOtherOperatingAssets,CF,,,,,,,,,,-1882000.0,494000.0,4784000.0,,1806000.0,4445000.0,7585000.0,,-229000.0,-1028000.0,,,,,,,,,,,,,,,,,,,,,,,,,,,,,,,,,,,,,
124,OtherComprehensiveIncomeLossNetOfTaxPeriodIncreaseDecrease,UN,,,,,,,,,,-167000.0,712000.0,-300000.0,,,,,,,,,,,,,,,,,,,,,,,,,,,,,,,,,,,,,,,,,,,,
125,IncreaseDecreaseInAccruedLiabilitiesAndOtherOperatingLiabilities,CF,,,,,,,,,,-66085000.0,-100624000.0,-180854000.0,,-93245000.0,-115522000.0,-143028000.0,,-97641000.0,-141451000.0,-161874000.0,5322000.0,-57000000.0,-95000000.0,-145000000.0,39000000.0,-31000000.0,-12000000.0,-29000000.0,-135000000.0,8000000.0,16000000.0,31000000.0,33000000.0,15000000.0,1000000.0,-49000000.0,256000000.0,13000000.0,-2000000.0,10000000.0,54000000.0,-32000000.0,81000000.0,111000000.0,239000000.0,-1000000.0,132000000.0,70000000.0,581000000.0,634000000.0,1267000000.0,1175000000.0,1341000000.0,689000000.0,2675000000.0,953000000.0
126,OtherAssetsCurrent,BS,,,,,,,,,,118085000.0,116006000.0,111499000.0,,107125000.0,104486000.0,102346000.0,,99354000.0,95430000.0,93679000.0,,89000000.0,66000000.0,73000000.0,,66000000.0,64000000.0,64000000.0,,47000000.0,60000000.0,70000000.0,,273000000.0,220000000.0,312000000.0,,110000000.0,110000000.0,,,,,,,,,,,,,,,,,
127,IncreaseDecreaseInPrepaidDeferredExpenseAndOtherAssets,CF,,,,,,,,,,-48100000.0,-3912000.0,-16786000.0,,7367000.0,-4956000.0,-4687000.0,,782000.0,-2510000.0,-5024000.0,-4427000.0,17000000.0,13000000.0,25000000.0,16000000.0,18000000.0,17000000.0,28000000.0,18000000.0,2000000.0,15000000.0,26000000.0,-21000000.0,38000000.0,44000000.0,68000000.0,55000000.0,-5000000.0,-36000000.0,-55000000.0,-77000000.0,8000000.0,-34000000.0,409000000.0,394000000.0,-2000000.0,-18000000.0,1557000000.0,1715000000.0,1261000000.0,1554000000.0,1307000000.0,1517000000.0,215000000.0,592000000.0,337000000.0
128,InterestPaidNet,CF,,,,,,,,,,744000.0,1474000.0,2189000.0,2772000.0,655000.0,1294000.0,1915000.0,2518000.0,591000.0,8623000.0,,17208000.0,,,,17000000.0,,,,13000000.0,,,,55000000.0,,,,55000000.0,,,,54000000.0,,,,138000000.0,,,,246000000.0,,,,254000000.0,,,
129,ComprehensiveIncomeNetOfTax,UN,,,,,,,,,,60270000.0,119758000.0,208780000.0,,78203000.0,92052000.0,118699000.0,,138003000.0,125990000.0,,,,,,,,,,,,,,,,,,,,,,,,,,,,,,,,,,,,,
130,OtherComprehensiveIncomeLossTax,UN,,,,,,,,,,-67000.0,191000.0,-111000.0,,,,,,,,,,,,,,,,,,,,,,,,,,,,,,,,,,,,,,,,,,,,
131,OtherComprehensiveIncomeReclassificationAdjustmentForSaleOfSecuritiesIncludedInNetIncomeBeforeTax,UN,,,,,,,,,,132000.0,208000.0,47000.0,,,,,,,,,,,,,,,,,,,,,,,,,,,,,,,,,,,,,,,,,,,,
132,ProceedsFromIncomeTaxRefunds,CF,,,,,,,,,,,43149000.0,40442000.0,,,,,,,,,,,,,,,,,,,,,,,,,,,,,,,,,,,,,,,,,,,,
133,PaymentOfNotePayableAssumedFromAcquisitions,CF,,,,,,,,,,,0.0,0.0,0.0,,,,,,,,,,,,,,,,,,,,,,,,,,,,,,,,,,,,,,,,,,,
134,CommonStockDividendsPerShareDeclared,IS,,,,,,,,,,,,,0.075,0.075,0.075,,0.31,,0.085,0.085,0.34,0.085,0.0975,0.0975,,0.115,0.115,0.115,,0.14,0.14,0.14,,0.15,0.15,0.15,,,,,,,,,,,,,,,,,,,,
135,OtherComprehensiveIncomeLossNetOfTaxPeriodIncreaseDecrease,CI,,,,,,,,,,,,,-633000.0,,,,,,,,,,,,,,,,,,,,,,,,,,,,,,,,,,,,,,,,,,,
136,NetIncomeLoss,CI,,,,,,,,,,,,,173973000.0,,,,146917000.0,,,172967000.0,193128000.0,134000000.0,26000000.0,246000000.0,207000000.0,196000000.0,253000000.0,542000000.0,655000000.0,507000000.0,583000000.0,838000000.0,1118000000.0,1244000000.0,1101000000.0,1230000000.0,567000000.0,394000000.0,552000000.0,899000000.0,950000000.0,917000000.0,622000000.0,1336000000.0,4332000000.0,1912000000.0,2374000000.0,2464000000.0,9752000000.0,1618000000.0,656000000.0,680000000.0,4368000000.0,2043000000.0,6188000000.0,9243000000.0
137,AvailableForSaleSecuritiesChangeInNetUnrealizedHoldingGainLossNetOfTax,CI,,,,,,,,,,,,,-303000.0,,,,-3555000.0,,,,3061000.0,,,,-6000000.0,6000000.0,,,,,,,,,,,,,,,,,,,,,,,,,,,,,,
138,CommonStockDividendsPerShareCashPaid,EQ,,,,,,,,,,,,,0.075,,,,0.31,,,,0.34,,,,,,,,0.485,,,,0.57,,,,0.61,,,,0.64,,,,0.64,,,,0.16,,,,0.16,,,
139,ComprehensiveIncomeNetOfTax,CI,,,,,,,,,,,,,561903000.0,,,,434886000.0,,,178350000.0,633554000.0,135000000.0,19000000.0,246000000.0,602000000.0,201000000.0,255000000.0,534000000.0,1654000000.0,510000000.0,586000000.0,836000000.0,3045000000.0,1249000000.0,1101000000.0,1229000000.0,4147000000.0,404000000.0,553000000.0,897000000.0,2809000000.0,906000000.0,636000000.0,1344000000.0,4350000000.0,1907000000.0,2368000000.0,2465000000.0,9722000000.0,1565000000.0,630000000.0,647000000.0,4336000000.0,2036000000.0,6187000000.0,9206000000.0
140,PaymentsOfDividends,CF,,,,,,,,,,,,,46866000.0,46267000.0,89610000.0,133007000.0,181336000.0,46731000.0,47400000.0,46100000.0,186452000.0,46000000.0,52000000.0,53000000.0,213000000.0,62000000.0,62000000.0,61000000.0,261000000.0,82000000.0,84000000.0,84000000.0,341000000.0,91000000.0,91000000.0,91000000.0,371000000.0,97000000.0,97000000.0,98000000.0,390000000.0,98000000.0,99000000.0,99000000.0,395000000.0,99000000.0,100000000.0,100000000.0,399000000.0,100000000.0,100000000.0,100000000.0,398000000.0,99000000.0,99000000.0,99000000.0
141,StockRepurchasedAndRetiredDuringPeriodValue,EQ,,,,,,,,,,,,,100000000.0,,,,887304000.0,,,,813600000.0,,,,587000000.0,,,,739000000.0,,,,909000000.0,,,,1579000000.0,,,,,,,,,,,,,1996000000.0,3345000000.0,3647000000.0,10039000000.0,,3284000000.0,3719000000.0
142,DividendsCommonStockCash,EQ,,,,,,,,,,,,,46866000.0,,,,181336000.0,,,,186452000.0,,,,213000000.0,,,,261000000.0,,,,341000000.0,,,,371000000.0,97000000.0,97000000.0,98000000.0,390000000.0,98000000.0,99000000.0,99000000.0,395000000.0,99000000.0,100000000.0,100000000.0,399000000.0,100000000.0,100000000.0,100000000.0,398000000.0,99000000.0,99000000.0,99000000.0
143,OtherComprehensiveIncomeReclassificationAdjustmentForSaleOfSecuritiesIncludedInNetIncomeNetOfTax,CI,,,,,,,,,,,,,-330000.0,,,,,,,,,,,,,,,,,,,,,,,,,,,,,,,,,,,,,,,,,,,
144,OtherComprehensiveIncomeUnrealizedGainLossOnDerivativesArisingDuringPeriodTax,CI,,,,,,,,,,,,,,-277000.0,355000.0,-126000.0,,,,,,,,,,,,,,,,,,,,,,,,,,,,,,,,,,,,,,,,
145,OtherComprehensiveIncomeLossReclassificationAdjustmentForSaleOfSecuritiesIncludedInNetIncomeTax,CI,,,,,,,,,,,,,,43000.0,549000.0,24000.0,834000.0,106000.0,,,,,,,,,,,,,,,,,,,,,,,,,,,,,,,,,,,,,,
146,OtherComprehensiveIncomeReclassificationOfDefinedBenefitPlansNetGainLossRecognizedInNetPeriodicBenefitCostNetOfTax,UN,,,,,,,,,,,,,,-79000.0,-1019000.0,-43000.0,,-197000.0,,,,,,,,,,,,,,,,,,,,,,,,,,,,,,,,,,,,,,
147,OtherComprehensiveIncomeUnrealizedHoldingGainLossOnSecuritiesArisingDuringPeriodNetOfTax,UN,,,,,,,,,,,,,,391000.0,-3377000.0,8000.0,,1684000.0,-1931000.0,,,,,,,,,,,,,,,,,,,,,,,,,,,,,,,,,,,,,
148,OtherComprehensiveIncomeLossNetOfTax,UN,,,,,,,,,,,,,,312000.0,-4396000.0,-35000.0,,1487000.0,-1986000.0,,,,,,,,,,,,,,,,,,,,,,,,,,,,,,,,,,,,,
149,ProceedsFromSaleOfAvailableForSaleSecurities,CF,,,,,,,,,,,,,,,1248511000.0,1475403000.0,1926817000.0,544878000.0,869087000.0,1100014000.0,1371982000.0,825000000.0,1415000000.0,1651000000.0,2102000000.0,529000000.0,901000000.0,1239000000.0,1546000000.0,649000000.0,726000000.0,802000000.0,863000000.0,33000000.0,,,,,,,,,,,,,,,,,,,,,,
150,EntityCommonStockSharesOutstanding,CP,,,,,,,,,,,,,,,,568535613.0,,,541915105.0,543536901.0,,537560128.0,539081160.0,538450118.0,,,,,,,,,,,608000000.0,610000000.0,606000000.0,609000000.0,609000000.0,612000000.0,612000000.0,615000000.0,617000000.0,619000000.0,,,2500000000.0,2500000000.0,,,,2460000000.0,,,,
151,CommonStockDividendsPerShareCashPaid,IS,,,,,,,,,,,,,,,,0.075,,,,,,,,,0.395,,,,0.485,,,,0.57,,,,0.61,,,,,,,,,,,,,,,,,,,
152,DebtInstrumentConvertibleCarryingAmountOfTheEquityComponent,EQ,,,,,,,,,,,,,,,,,125725000.0,,,,125725000.0,,,,,,,,,,,,,,,,,,,,,,,,,,,,,,,,,,,
153,ProceedsFromIssuanceOfWarrants,CF,,,,,,,,,,,,,,,,,59100000.0,,,,0.0,,,,0.0,,,,,,,,,,,,,,,,,,,,,,,,,,,,,,,
154,PaymentsForHedgeFinancingActivities,EQ,,,,,,,,,,,,,,,,,167100000.0,,,,0.0,,,,0.0,,,,,,,,,,,,,,,,,,,,,,,,,,,,,,,
155,LongTermDebt,BS,,,,,,,,,,,,,,,,,1356375000.0,1363276000.0,1370249000.0,1377259000.0,1384342000.0,1391000000.0,1399000000.0,1406000000.0,,,,1982000000.0,1983000000.0,1984000000.0,1984000000.0,1985000000.0,1985000000.0,1986000000.0,1987000000.0,1987000000.0,1988000000.0,1988000000.0,1989000000.0,1990000000.0,1991000000.0,6959000000.0,6960000000.0,,,,,,,,,,,,,
156,ProceedsFromConvertibleDebt,CF,,,,,,,,,,,,,,,,,1477500000.0,,,,0.0,,,,0.0,,,,1988000000.0,,,,0.0,,,,0.0,,,,,,,,,,,,,,,,,,,
157,AmortizationOfDebtDiscountPremium,CF,,,,,,,,,,,,,,,,,4600000.0,6901000.0,6973000.0,7010000.0,27967000.0,7000000.0,7000000.0,7000000.0,29000000.0,8000000.0,7000000.0,20000000.0,25000000.0,2000000.0,2000000.0,3000000.0,3000000.0,,,,,,,,,,,,,,,,,,,,,,,
158,SharesPaidForTaxWithholdingForShareBasedCompensation,EQ,,,,,,,,,,,,,,,,,1944391.0,,,,,,,,,,,,,,,,,,,,,,,,,,,,,,,,,,,,,,,
159,ProceedsFromIssuanceOfWarrants,EQ,,,,,,,,,,,,,,,,,59100000.0,,,,0.0,,,,0.0,,,,,,,,,,,,,,,,,,,,,,,,,,,,,,,
160,PaymentsForHedgeFinancingActivities,CF,,,,,,,,,,,,,,,,,167100000.0,,,,0.0,,,,0.0,,,,,,,,,,,,,,,,,,,,,,,,,,,,,,,
161,DeferredtaxassetConvertiblenotesSOSE,EQ,,,,,,,,,,,,,,,,,14481000.0,,,,,,,,,,,,,,,,,,,,,,,,,,,,,,,,,,,,,,,
162,OtherComprehensiveIncomeLossNetOfTax,CI,,,,,,,,,,,,,,,,,-5104000.0,,,5383000.0,2967000.0,1000000.0,-7000000.0,0.0,-12000000.0,5000000.0,2000000.0,-8000000.0,-12000000.0,3000000.0,3000000.0,-2000000.0,-2000000.0,5000000.0,0.0,-1000000.0,6000000.0,10000000.0,1000000.0,-2000000.0,,-11000000.0,14000000.0,8000000.0,18000000.0,,-6000000.0,1000000.0,-30000000.0,-53000000.0,-26000000.0,-33000000.0,-32000000.0,-7000000.0,-1000000.0,-37000000.0
163,TaxBenefitFromStockOptionsExercised1,EQ,,,,,,,,,,,,,,,,,23827000.0,,,,,,,,,,,,,,,,,,,,,,,,,,,,,,,,,,,,,,,
164,Proceedsfromsaleoflonglivedassetsandinvestments,CF,,,,,,,,,,,,,,,,,24781000.0,20862000.0,20862000.0,20862000.0,20862000.0,0.0,2000000.0,7000000.0,7000000.0,,6000000.0,6000000.0,7000000.0,,0.0,0.0,2000000.0,,,,0.0,,,,0.0,,,,,,,,,,,,,,,
165,GainsonSalesoflonglivedassetsandinvestment,CF,,,,,,,,,,,,,,,,,10471000.0,16982000.0,14482000.0,17654000.0,16549000.0,3000000.0,3000000.0,7000000.0,6000000.0,3000000.0,3000000.0,2000000.0,3000000.0,0.0,,,1000000.0,,,,,,,,,,,,,,,,,,,,,,,
166,OtherComprehensiveIncomeLossReclassificationAdjustmentForSaleOfSecuritiesIncludedInNetIncomeNetOfTax,CI,,,,,,,,,,,,,,,,,-1549000.0,,,,,,,,,,,,,,,,,,,,,,,,,,,,,,,,,,,,,,,
167,DividendsCash,IS,,,,,,,,,,,,,,,,,,0.085,,,,,,,,,,,,,,,,,,,,,,,,,,,,,,,,,,,,,,
168,OtherComprehensiveIncomeLossReclassificationAdjustmentFromAOCIPensionAndOtherPostretirementBenefitPlansForNetGainLossNetOfTax,UN,,,,,,,,,,,,,,,,,,,55000.0,,,,,,,,,,,,,,,,,,,,,,,,,,,,,,,,,,,,,
169,OtherComprehensiveIncomeLossReclassificationAdjustmentFromAOCIForSaleOfSecuritiesTax,CI,,,,,,,,,,,,,,,,,,,30000.0,-54000.0,51000.0,,,,,,,,,,,,,,,,,,,,,,,,,,,,,,,,,,,
170,OtherComprehensiveIncomeLossReclassificationAdjustmentFromAOCIPensionAndOtherPostretirementBenefitPlansForNetGainLossNetOfTax,CI,,,,,,,,,,,,,,,,,,,,-100000.0,,2000000.0,0.0,0.0,,,,,,,,,,,,,,,,,,,,,,,,,,,,,,,,
171,OtherComprehensiveIncomeUnrealizedHoldingGainLossOnSecuritiesArisingDuringPeriodNetOfTax,CI,,,,,,,,,,,,,,,,,,,,5283000.0,,3000000.0,-7000000.0,3000000.0,,6000000.0,5000000.0,-10000000.0,-16000000.0,3000000.0,3000000.0,-2000000.0,-4000000.0,,6000000.0,3000000.0,11000000.0,7000000.0,1000000.0,0.0,8000000.0,,3000000.0,-1000000.0,2000000.0,,0.0,-4000000.0,-16000000.0,-22000000.0,-12000000.0,-18000000.0,-31000000.0,17000000.0,-11000000.0,0.0
172,IncreaseDecreaseInAccruedLiabilities,CF,,,,,,,,,,,,,,,,,,,,-23356000.0,,58000000.0,60000000.0,-41000000.0,,-7000000.0,-85000000.0,-136000000.0,,-87000000.0,9000000.0,-15000000.0,,-81000000.0,96000000.0,147000000.0,,-129000000.0,-79000000.0,-103000000.0,,,,,,,,,,,,,,,,
173,IncreaseDecreaseInOtherNoncurrentLiabilities,CF,,,,,,,,,,,,,,,,,,,,,-41073000.0,,,,-97000000.0,,,,-14000000.0,,,,481000000.0,,,,2000000.0,,,,28000000.0,10000000.0,21000000.0,74000000.0,163000000.0,47000000.0,98000000.0,253000000.0,192000000.0,70000000.0,60000000.0,102000000.0,252000000.0,105000000.0,236000000.0,208000000.0
174,OtherComprehensiveIncomeLossReclassificationAdjustmentFromAOCIForSaleOfSecuritiesNetOfTax,CI,,,,,,,,,,,,,,,,,,,,,94000.0,,,,2000000.0,0.0,,,1000000.0,,,,1000000.0,,,,-1000000.0,,0.0,0.0,0.0,,2000000.0,0.0,2000000.0,,0.0,0.0,0.0,,-1000000.0,0.0,-1000000.0,,0.0,0.0
175,DeferredTaxExpenseFromStockOptionsExercised,EQ,,,,,,,,,,,,,,,,,,,,,16625000.0,,,,10000000.0,,,,,,,,,,,,,,,,,,,,,,,,,,,,,,,
176,Goodwilladjustmentrelatedtopreviouslyacquiredbusiness3dfx,CF,,,,,,,,,,,,,,,,,,,,,25000000.0,,,,0.0,,,,0.0,,,,,,,,,,,,,,,,,,,,,,,,,,,
177,Reimbursementofheadquartersbuildingdevelopmentcostsfromlessor,CF,,,,,,,,,,,,,,,,,,,,,,,24000000.0,24000000.0,24000000.0,,,0.0,0.0,,,,0.0,,,,,,,,,,,,,,,,,,,,,,,
178,RestructuringCharges,IS,,,,,,,,,,,,,,,,,,,,,,,89000000.0,8000000.0,131000000.0,1000000.0,2000000.0,0.0,3000000.0,0.0,0.0,0.0,0.0,,,,0.0,,,,,,,,,,,,,,,,,,,
179,RestructuringchargesNoncash,CF,,,,,,,,,,,,,,,,,,,,,,,32000000.0,37000000.0,45000000.0,,0.0,0.0,0.0,,,,0.0,,,,,,,,,,,,,,,,,,,,,,,
180,OtherComprehensiveIncomeLossDerivativesQualifyingAsHedgesNetOfTax,CI,,,,,,,,,,,,,,,,,,,,,,,,-3000000.0,-4000000.0,-1000000.0,,,,,,,,,,,,,,,,,,,,,,,,,,,,,,
181,TemporaryEquityValueExcludingAdditionalPaidInCapital,BS,,,,,,,,,,,,,,,,,,,,,,,,,87000000.0,79000000.0,72000000.0,45000000.0,31000000.0,7000000.0,2000000.0,1000000.0,0.0,,,,,,,,,,,,,,,,,,,,,,,
182,Liabilities,BS,,,,,,,,,,,,,,,,,,,,,,,,,2814000000.0,2833000000.0,2909000000.0,4243000000.0,4048000000.0,3271000000.0,3427000000.0,3477000000.0,3770000000.0,3743000000.0,4087000000.0,4182000000.0,3950000000.0,4317000000.0,4439000000.0,4596000000.0,5111000000.0,10155000000.0,11266000000.0,11547000000.0,11898000000.0,12022000000.0,17503000000.0,16834000000.0,17575000000.0,18892000000.0,19625000000.0,19139000000.0,19081000000.0,19940000000.0,22054000000.0,20883000000.0
183,ConvertibleDebtNoncurrent,BS,,,,,,,,,,,,,,,,,,,,,,,,,0.0,,,,,,,,,,,,,,,,,,,,,,,,,,,,,,,
184,ConvertibleDebtCurrent,BS,,,,,,,,,,,,,,,,,,,,,,,,,1413000000.0,1421000000.0,1428000000.0,1011000000.0,796000000.0,215000000.0,84000000.0,23000000.0,15000000.0,14000000.0,14000000.0,3000000.0,0.0,,,,,,,,,,,,,,,,,,,
185,AdjustmentsToAdditionalPaidInCapitalEquityComponentOfConvertibleDebtSubsequentAdjustments,EQ,,,,,,,,,,,,,,,,,,,,,,,,,-87000000.0,,,,55000000.0,,,,31000000.0,,,,,,,,,,,,,,,,,,,,,,,
186,UnrealizedGainLossOnCashFlowHedgingInstruments,CI,,,,,,,,,,,,,,,,,,,,,,,,,,-1000000.0,3000000.0,,,-1000000.0,-1000000.0,-1000000.0,,-3000000.0,-4000000.0,,,,,,,,,,,,,,,,,,,,,
187,ProceedsFromIssuanceOfDebt,CF,,,,,,,,,,,,,,,,,,,,,,,,,,,,1988000000.0,,,,0.0,,,,,,,,,,,,,,,,,,,,,,,,
188,ReclassificationFromAccumulatedOtherComprehensiveIncomeCurrentPeriodNetOfTax,CI,,,,,,,,,,,,,,,,,,,,,,,,,,,,0.0,,0.0,0.0,1000000.0,,,0.0,0.0,,,,,,,,,,,,,,,,,,,,
189,GainsLossesOnExtinguishmentOfDebt,CF,,,,,,,,,,,,,,,,,,,,,,,,,,,,-15000000.0,-21000000.0,-14000000.0,-3000000.0,-1000000.0,-19000000.0,0.0,0.0,0.0,0.0,,,,0.0,,,,,,,,,,,,,,,
190,RepaymentsOfConvertibleDebt,CF,,,,,,,,,,,,,,,,,,,,,,,,,,,,444000000.0,673000000.0,605000000.0,741000000.0,803000000.0,812000000.0,2000000.0,2000000.0,12000000.0,16000000.0,0.0,0.0,0.0,0.0,,,,0.0,,,,,,,,,,,
191,PaymentsOfDebtIssuanceCosts,CF,,,,,,,,,,,,,,,,,,,,,,,,,,,,4000000.0,8000000.0,,,,0.0,,,,,,,,,,,,,,,,,,,,,,,
192,Netproceedspaymentsrelatedtoemployeestockplans,CF,,,,,,,,,,,,,,,,,,,,,,,,,,,,-29000000.0,-9000000.0,65000000.0,76000000.0,132000000.0,139000000.0,66000000.0,69000000.0,135000000.0,137000000.0,83000000.0,83000000.0,146000000.0,149000000.0,88000000.0,94000000.0,190000000.0,194000000.0,126000000.0,128000000.0,277000000.0,281000000.0,204000000.0,,,355000000.0,,,
193,AvailableforsaleSecuritiesGrossUnrealizedGainLoss1,CI,,,,,,,,,,,,,,,,,,,,,,,,,,,,10000000.0,-17000000.0,3000000.0,3000000.0,-3000000.0,-5000000.0,7000000.0,,,,,,,,,,,,,,,,,,,,,,
194,OtherComprehensiveIncomeUnrealizedGainLossOnDerivativesArisingDuringPeriodNetOfTax,CI,,,,,,,,,,,,,,,,,,,,,,,,,,,,2000000.0,4000000.0,0.0,0.0,0.0,2000000.0,-2000000.0,-6000000.0,1000000.0,-5000000.0,4000000.0,0.0,0.0,5000000.0,,,,,,,,,,,,,,,
195,OtherComprehensiveIncomeLossNetOfTax,EQ,,,,,,,,,,,,,,,,,,,,,,,,,,,,,-12000000.0,,,,-2000000.0,,,,6000000.0,10000000.0,1000000.0,-2000000.0,13000000.0,-11000000.0,14000000.0,8000000.0,18000000.0,-5000000.0,-6000000.0,1000000.0,-30000000.0,-53000000.0,-26000000.0,-33000000.0,-32000000.0,-7000000.0,-1000000.0,-37000000.0
196,OtherComprehensiveIncomeLossReclassificationAdjustmentFromAOCIOnDerivativesNetOfTax,CI,,,,,,,,,,,,,,,,,,,,,,,,,,,,,2000000.0,1000000.0,1000000.0,1000000.0,3000000.0,1000000.0,2000000.0,5000000.0,11000000.0,1000000.0,0.0,2000000.0,5000000.0,,,,,,,,,,,,,,,
197,SharesreceivedfromNoteHedges,EQ,,,,,,,,,,,,,,,,,,,,,,,,,,,,,23000000.0,,,,,,,,,,,,,,,,,,,,,,,,,,,
198,AdjustmentsToAdditionalPaidInCapitalConvertibleDebtWithConversionFeature,EQ,,,,,,,,,,,,,,,,,,,,,,,,,,,,,-6000000.0,,,,-7000000.0,,,,0.0,,,,,,,,,,,,,,,,,,,
199,UnrealizedGainLossOnDerivatives,CI,,,,,,,,,,,,,,,,,,,,,,,,,,,,,2000000.0,,,,-1000000.0,,,,6000000.0,,,,,,,,,,,,,,,,,,,
200,ClassOfWarrantOrRightNumberOfSecuritiesCalledByEachWarrantOrRight,EQ,,,,,,,,,,,,,,,,,,,,,,,,,,,,,44000000.0,,,,,,,,,,,,,,,,,,,,,,,,,,,
201,CumulativeEffectOfNewAccountingPrincipleInPeriodOfAdoption,EQ,,,,,,,,,,,,,,,,,,,,,,,,,,,,,353000000.0,,,,,,,,,,,,,,,,,,,,,,,,,,,
202,Issuanceofcommonstockinexchangeforwarrants,EQ,,,,,,,,,,,,,,,,,,,,,,,,,,,,,1000000.0,,,,,,,,,,,,,,,,,,,,,,,,,,,
203,DebtConversionConvertedInstrumentSharesIssued1,EQ,,,,,,,,,,,,,,,,,,,,,,,,,,,,,23000000.0,,,,33000000.0,,,,,,,,,,,,,,,,,,,,,,,
204,NonoperatingIncomeExpense,IS,,,,,,,,,,,,,,,,,,,,,,,,,,,,,,-18000000.0,-4000000.0,1000000.0,-14000000.0,16000000.0,23000000.0,23000000.0,92000000.0,31000000.0,35000000.0,32000000.0,124000000.0,5000000.0,-42000000.0,-50000000.0,-123000000.0,88000000.0,-50000000.0,-33000000.0,-100000000.0,-63000000.0,-24000000.0,12000000.0,-43000000.0,69000000.0,181000000.0,105000000.0
205,PaymentsRelatedToTaxWithholdingForShareBasedCompensation,CF,,,,,,,,,,,,,,,,,,,,,,,,,,,,,,190000000.0,190000000.0,577000000.0,612000000.0,449000000.0,515000000.0,982000000.0,1032000000.0,211000000.0,261000000.0,463000000.0,551000000.0,222000000.0,418000000.0,716000000.0,942000000.0,477000000.0,843000000.0,1282000000.0,1904000000.0,532000000.0,837000000.0,1131000000.0,1475000000.0,507000000.0,1179000000.0,1942000000.0
206,Netlossgainonsalesanddisposalsoflonglivedassetsandinvestments,CF,,,,,,,,,,,,,,,,,,,,,,,,,,,,,,,1000000.0,1000000.0,,,,,,,,,,,,,,,,,,,,,,,,
207,NewAccountingPronouncementCumulativeEffectofChangeonEquityorNetAssets,EQ,,,,,,,,,,,,,,,,,,,,,,,,,,,,,,,,,-27000000.0,,,,,,,,,,,,,,,,,,,,,,,
208,PaymentsToAcquireAvailableForSaleSecuritiesDebt,CF,,,,,,,,,,,,,,,,,,,,,,,,,,,,,,,,,,,7136000000.0,10112000000.0,11148000000.0,622000000.0,1461000000.0,1461000000.0,1461000000.0,861000000.0,8286000000.0,12840000000.0,19308000000.0,4470000000.0,9268000000.0,16020000000.0,24787000000.0,3932000000.0,7576000000.0,9764000000.0,11897000000.0,2801000000.0,5343000000.0,10688000000.0
209,ProceedsFromSaleOfAvailableForSaleSecuritiesDebt,CF,,,,,,,,,,,,,,,,,,,,,,,,,,,,,,,,,,,77000000.0,114000000.0,428000000.0,26000000.0,3152000000.0,3363000000.0,3365000000.0,1000000.0,259000000.0,502000000.0,527000000.0,358000000.0,705000000.0,916000000.0,1023000000.0,1029000000.0,1731000000.0,1806000000.0,1806000000.0,0.0,0.0,0.0
210,OtherComprehensiveIncomeAvailableforsaleSecuritiesAdjustmentNetOfTaxPortionAttributableToParent,CI,,,,,,,,,,,,,,,,,,,,,,,,,,,,,,,,,,,6000000.0,3000000.0,,,1000000.0,0.0,,0.0,1000000.0,-1000000.0,0.0,,0.0,-4000000.0,-16000000.0,,-11000000.0,-18000000.0,-30000000.0,,-11000000.0,0.0
211,OtherComprehensiveIncomeDerivativesQualifyingAsHedgesNetOfTaxPortionAttributableToParent,CI,,,,,,,,,,,,,,,,,,,,,,,,,,,,,,,,,,,,-4000000.0,,3000000.0,0.0,-2000000.0,,,,,,,,,,,,,,,,
212,AdjustmentsToAdditionalPaidInCapitalSharebasedCompensationRequisiteServicePeriodRecognitionValue,EQ,,,,,,,,,,,,,,,,,,,,,,,,,,,,,,,,,,,,,561000000.0,183000000.0,226000000.0,218000000.0,845000000.0,221000000.0,382000000.0,377000000.0,1396000000.0,433000000.0,465000000.0,552000000.0,2001000000.0,573000000.0,644000000.0,749000000.0,2710000000.0,743000000.0,848000000.0,983000000.0
213,RevenueFromContractWithCustomerExcludingAssessedTax,IS,,,,,,,,,,,,,,,,,,,,,,,,,,,,,,,,,,,,,2205000000.0,,,,3105000000.0,,,,16675000000.0,,,,,,,,,,,
214,OtherComprehensiveIncomeLossAvailableForSaleSecuritiesAdjustmentBeforeTax,CI,,,,,,,,,,,,,,,,,,,,,,,,,,,,,,,,,,,,,10000000.0,,,,8000000.0,,,,,,,,,,,,,,,
215,CostOfGoodsAndServicesSold,IS,,,,,,,,,,,,,,,,,,,,,,,,,,,,,,,,,,,,,998000000.0,,,,1090000000.0,,,,6279000000.0,,,,,,,,,,,
216,Exerciseofconvertiblenotehedges,EQ,,,,,,,,,,,,,,,,,,,,,,,,,,,,,,,,,,,,,0.0,,,,,,,,,,,,,,,,,,,
217,DeferredTaxAssetsLiabilitiesNetNoncurrent,BS,,,,,,,,,,,,,,,,,,,,,,,,,,,,,,,,,,,,,,601000000.0,588000000.0,569000000.0,,,,,,,,,,,,,,,,
218,CashCashEquivalentsRestrictedCashAndRestrictedCashEquivalentsPeriodIncreaseDecreaseIncludingExchangeRateEffect,CF,,,,,,,,,,,,,,,,,,,,,,,,,,,,,,,,,,,,,,1990000000.0,6323000000.0,8983000000.0,10114000000.0,4598000000.0,-7622000000.0,-8645000000.0,-10049000000.0,131000000.0,4781000000.0,441000000.0,1143000000.0,1897000000.0,1023000000.0,810000000.0,1399000000.0,1690000000.0,2493000000.0,2130000000.0
219,CommonStockDividendsPerShareDeclared,EQ,,,,,,,,,,,,,,,,,,,,,,,,,,,,,,,,,,,,,,0.16,0.16,0.16,,0.16,0.16,0.16,,0.16,0.04,0.04,,0.04,0.04,0.04,0.16,0.04,0.04,0.04
220,OperatingLeaseLiabilityNoncurrent,BS,,,,,,,,,,,,,,,,,,,,,,,,,,,,,,,,,,,,,,486000000.0,483000000.0,469000000.0,561000000.0,519000000.0,611000000.0,604000000.0,634000000.0,640000000.0,716000000.0,743000000.0,741000000.0,752000000.0,743000000.0,798000000.0,902000000.0,939000000.0,1041000000.0,1091000000.0
221,OperatingLeaseRightOfUseAsset,BS,,,,,,,,,,,,,,,,,,,,,,,,,,,,,,,,,,,,,,536000000.0,535000000.0,527000000.0,618000000.0,595000000.0,701000000.0,681000000.0,707000000.0,727000000.0,801000000.0,830000000.0,829000000.0,856000000.0,852000000.0,927000000.0,1038000000.0,1094000000.0,1235000000.0,1316000000.0
222,CashCashEquivalentsRestrictedCashAndRestrictedCashEquivalents,CF,,,,,,,,,,,,,,,,,,,,,,,,,,,,,,,,,,,,,,2772000000.0,7105000000.0,9765000000.0,10896000000.0,15494000000.0,3274000000.0,2251000000.0,847000000.0,978000000.0,5628000000.0,1288000000.0,1990000000.0,3887000000.0,3013000000.0,2800000000.0,3389000000.0,5079000000.0,5882000000.0,5519000000.0
223,PaymentsToAcquireOtherInvestments,CF,,,,,,,,,,,,,,,,,,,,,,,,,,,,,,,,,,,,,,,2000000.0,6000000.0,,6000000.0,7000000.0,4000000.0,,,,,,,,,,,,
224,OtherAssets,BS,,,,,,,,,,,,,,,,,,,,,,,,,,,,,,,,,,,,,,,,116000000.0,,119000000.0,157000000.0,,,,,,,,,,,,,
225,OtherComprehensiveIncomeLossNetOfTaxPortionAttributableToParent,CI,,,,,,,,,,,,,,,,,,,,,,,,,,,,,,,,,,,,,,,,,13000000.0,,,,,,,,,,,,,,,
226,DeferredTaxAssetsGrossNoncurrent,BS,,,,,,,,,,,,,,,,,,,,,,,,,,,,,,,,,,,,,,,,,548000000.0,,,,,,,,,,,,,,,
227,OtherComprehensiveIncomeLossCashFlowHedgeGainLossBeforeReclassificationAfterTax,CI,,,,,,,,,,,,,,,,,,,,,,,,,,,,,,,,,,,,,,,,,10000000.0,-10000000.0,16000000.0,5000000.0,9000000.0,-14000000.0,-14000000.0,22000000.0,-43000000.0,-29000000.0,-2000000.0,-14000000.0,47000000.0,-13000000.0,22000000.0,-23000000.0
228,ProceedsFromDebtNetOfIssuanceCosts,CF,,,,,,,,,,,,,,,,,,,,,,,,,,,,,,,,,,,,,,,,,,4979000000.0,4971000000.0,4971000000.0,4968000000.0,0.0,4985000000.0,4977000000.0,4977000000.0,,0.0,0.0,0.0,,,
229,OtherComprehensiveIncomeLossCashFlowHedgeGainLossAfterReclassificationAndTax,CI,,,,,,,,,,,,,,,,,,,,,,,,,,,,,,,,,,,,,,,,,,-11000000.0,13000000.0,9000000.0,18000000.0,-5000000.0,-6000000.0,5000000.0,-14000000.0,-31000000.0,-15000000.0,-15000000.0,-2000000.0,-24000000.0,10000000.0,-37000000.0
230,OtherComprehensiveIncomeLossCashFlowHedgeGainLossReclassificationAfterTax,CI,,,,,,,,,,,,,,,,,,,,,,,,,,,,,,,,,,,,,,,,,,1000000.0,3000000.0,-4000000.0,-9000000.0,-9000000.0,-8000000.0,17000000.0,-29000000.0,2000000.0,13000000.0,1000000.0,49000000.0,11000000.0,12000000.0,14000000.0
231,DeferredIncomeTaxAssetsNet,BS,,,,,,,,,,,,,,,,,,,,,,,,,,,,,,,,,,,,,,,,,,533000000.0,630000000.0,666000000.0,806000000.0,778000000.0,958000000.0,970000000.0,1222000000.0,1784000000.0,2225000000.0,2762000000.0,3396000000.0,4568000000.0,5398000000.0,5982000000.0
232,ProceedsFromMaturitiesPrepaymentsAndCallsOfAvailableForSaleSecurities,CF,,,,,,,,,,,,,,,,,,,,,,,,,,,,,,,,,,,,,,,,,,,1032000000.0,5165000000.0,,3140000000.0,5236000000.0,7780000000.0,15197000000.0,5947000000.0,10983000000.0,16792000000.0,19425000000.0,2512000000.0,5111000000.0,8001000000.0
233,APICShareBasedPaymentArrangementIncreaseForCostRecognitionOfAwardsAssumedInAcquisition,EQ,,,,,,,,,,,,,,,,,,,,,,,,,,,,,,,,,,,,,,,,,,,86000000.0,86000000.0,86000000.0,,,18000000.0,18000000.0,,,,,,,
234,PaymentsToAcquireProductiveAssets,CF,,,,,,,,,,,,,,,,,,,,,,,,,,,,,,,,,,,,,,,,,,,,845000000.0,,298000000.0,481000000.0,703000000.0,,,,,,,,815000000.0
235,DebtCurrent,BS,,,,,,,,,,,,,,,,,,,,,,,,,,,,,,,,,,,,,,,,,,,,998000000.0,999000000.0,999000000.0,1000000000.0,0.0,0.0,,1249000000.0,1249000000.0,1250000000.0,1250000000.0,1249000000.0,1249000000.0
236,LongTermDebtNoncurrent,BS,,,,,,,,,,,,,,,,,,,,,,,,,,,,,,,,,,,,,,,,,,,,5963000000.0,5964000000.0,5964000000.0,10943000000.0,10944000000.0,10946000000.0,10947000000.0,9700000000.0,9701000000.0,9703000000.0,9704000000.0,8456000000.0,8457000000.0
237,PaymentsForFinancedPropertyPlantAndEquipmentFinancingActivities,CF,,,,,,,,,,,,,,,,,,,,,,,,,,,,,,,,,,,,,,,,,,,,,17000000.0,19000000.0,40000000.0,62000000.0,83000000.0,,,,58000000.0,,,
238,GainLossOnInvestments,CF,,,,,,,,,,,,,,,,,,,,,,,,,,,,,,,,,,,,,,,,,,,,,,133000000.0,133000000.0,152000000.0,100000000.0,-17000000.0,-24000000.0,-35000000.0,-45000000.0,-14000000.0,45000000.0,-24000000.0
239,DepreciationDepletionAndAmortization,CF,,,,,,,,,,,,,,,,,,,,,,,,,,,,,,,,,,,,,,,,,,,,,,,,865000000.0,1174000000.0,334000000.0,712000000.0,1118000000.0,1544000000.0,384000000.0,749000000.0,1121000000.0
240,RepaymentsOfDebt,CF,,,,,,,,,,,,,,,,,,,,,,,,,,,,,,,,,,,,,,,,,,,,,,,,1000000000.0,1000000000.0,,,0.0,0.0,,1250000000.0,1250000000.0
241,IncomeLossFromContinuingOperationsBeforeIncomeTaxesExtraordinaryItemsNoncontrollingInterest,IS,,,,,,,,,,,,,,,,,,,,,,,,,,,,,,,,,,,,,,,,,,,,,,,,2638000000.0,9941000000.0,1805000000.0,475000000.0,613000000.0,4181000000.0,2209000000.0,6981000000.0,10522000000.0
242,TreasuryStockRetiredCostMethodAmount,EQ,,,,,,,,,,,,,,,,,,,,,,,,,,,,,,,,,,,,,,,,,,,,,,,,,0.0,,,,,,,
243,StockRepurchasedAndRetiredDuringPeriodShares,EQ,,,,,,,,,,,,,,,,,,,,,,,,,,,,,,,,,,,,,,,,,,,,,,,,,,8600000.0,19000000.0,28000000.0,63000000.0,,7500000.0,8300000.0
244,PaymentsForFinancedPropertyPlantAndEquipmentAndIntangibleAssetsFinancingActivities,CF,,,,,,,,,,,,,,,,,,,,,,,,,,,,,,,,,,,,,,,,,,,,,,,,,,22000000.0,36000000.0,54000000.0,,20000000.0,31000000.0,44000000.0
245,BusinessCombinationAdvancedConsiderationWrittenOff,CF,,,,,,,,,,,,,,,,,,,,,,,,,,,,,,,,,,,,,,,,,,,,,,,,,,1353000000.0,0.0,0.0,1353000000.0,0.0,0.0,0.0
246,BusinessCombinationAdvancedConsiderationWrittenOff,IS,,,,,,,,,,,,,,,,,,,,,,,,,,,,,,,,,,,,,,,,,,,,,,,,,,1353000000.0,0.0,0.0,1353000000.0,0.0,0.0,0.0
247,NetProceedsPaymentsRelatedToEmployeeStockPlans,CF,,,,,,,,,,,,,,,,,,,,,,,,,,,,,,,,,,,,,,,,,,,,,,,,,,,205000000.0,349000000.0,,246000000.0,247000000.0,403000000.0
248,AllocatedShareBasedCompensationExpense,CF,,,,,,,,,,,,,,,,,,,,,,,,,,,,,,,,,,,,,,,,,,,,,,,,,,,,,,735000000.0,,
249,RestrictedCashCurrent,CF,,,,,,,,,,,,,,,,,,,,,,,,,,,,,,,,,,,,,,,,,,,,,,,,,,,,,,,99000000.0,
